IDCliente;SaldoL1;SaldoL2;SaldoTotal;FechaActSaldo
8;0.0;223.0;223.0;2019-01-07 00:00:00
9;0.0;-2.8;-2.8;2016-03-01 00:00:00
10;0.0;0.0;0.0;2021-03-19 00:00:00
11;0.0;-0.6;-0.6;2016-03-01 00:00:00
12;0.0;892.0;892.0;2016-03-01 00:00:00
13;-500.0;2430.0;1930.0;2020-02-06 00:00:00
14;0.0;0.0;0.0;2016-03-01 00:00:00
15;0.0;56.0;56.0;2025-05-28 00:00:00
16;0.0;1645.0;1645.0;2025-12-16 00:00:00
17;0.0;-8.0;-8.0;2016-11-22 00:00:00
18;0.0;442.4;442.4;2016-03-01 00:00:00
19;0.0;819.6;819.6;2016-03-01 00:00:00
20;0.0;-150.2;-150.2;2016-03-01 00:00:00
21;0.0;10.2;10.2;2025-01-13 00:00:00
22;0.0;231.0;231.0;2016-03-01 00:00:00
23;0.0;-5.2;-5.2;2016-03-01 00:00:00
24;501.36;0.0;501.36;2021-01-13 00:00:00
25;0.0;59.0;59.0;2025-09-12 00:00:00
26;0.0;-1.6;-1.6;2016-03-01 00:00:00
27;0.0;0.0;0.0;2016-03-01 00:00:00
28;0.0;0.8;0.8;2016-03-01 00:00:00
29;0.0;-14.67;-14.67;2016-03-01 00:00:00
30;-662.1;104461.75;103799.65;2026-02-02 00:00:00
31;0.0;0.0;0.0;2016-03-01 00:00:00
32;69.47;13.75;83.22;2021-08-25 00:00:00
33;0.0;282.5;282.5;2022-10-17 00:00:00
34;0.0;688609.5;688609.5;2026-02-05 00:00:00
35;0.0;291.0;291.0;2016-03-01 00:00:00
36;0.0;-2165.0;-2165.0;2025-11-29 00:00:00
37;0.0;20.8;20.8;2016-03-01 00:00:00
38;4757.2;-4624.2;133.0;2025-09-11 00:00:00
39;0.0;382.0;382.0;2024-07-08 00:00:00
40;0.0;0.0;0.0;2023-01-16 00:00:00
41;0.0;-19.0;-19.0;2020-01-20 00:00:00
42;0.0;-0.8;-0.8;2016-03-01 00:00:00
43;-600.0;1005.0;405.0;2023-08-14 00:00:00
44;0.0;145.4;145.4;2025-09-16 00:00:00
45;0.0;-44.0;-44.0;2025-11-11 00:00:00
46;0.0;94.6;94.6;2016-03-01 00:00:00
47;0.0;0.0;0.0;2016-03-01 00:00:00
48;0.35;430.6;430.95;2025-11-20 00:00:00
49;0.0;0.0;0.0;2016-03-01 00:00:00
50;0.0;290452.5;290452.5;2026-02-06 00:00:00
51;0.0;518.84;518.84;2016-03-01 00:00:00
52;0.0;15.2;15.2;2016-03-01 00:00:00
53;0.0;186.0;186.0;2016-03-01 00:00:00
54;0.0;0.0;0.0;2016-03-01 00:00:00
55;0.0;463.2;463.2;2016-03-01 00:00:00
56;0.0;67.0;67.0;2025-04-09 00:00:00
57;0.0;1316.0;1316.0;2021-07-19 00:00:00
58;0.0;-31608.4;-31608.4;2023-01-30 00:00:00
59;0.0;0.35;0.35;2016-03-01 00:00:00
60;0.0;-21.6;-21.6;2017-09-15 00:00:00
61;0.0;-160.0;-160.0;2025-11-04 00:00:00
62;0.0;0.0;0.0;2016-03-01 00:00:00
63;-160000.0;159997.5;-2.5;2026-01-29 00:00:00
64;104384.25;-98891.33;5492.92;2025-09-25 00:00:00
65;0.0;0.0;0.0;2024-09-25 00:00:00
66;0.0;0.0;0.0;2016-03-01 00:00:00
67;0.0;308.0;308.0;2026-01-19 00:00:00
68;0.0;0.0;0.0;2016-03-01 00:00:00
69;0.0;3027.0;3027.0;2016-03-01 00:00:00
70;0.0;535.3;535.3;2024-12-18 00:00:00
71;0.0;-0.7;-0.7;2016-03-01 00:00:00
72;0.0;0.4;0.4;2016-03-01 00:00:00
73;0.0;299.2;299.2;2016-03-01 00:00:00
74;0.0;57.8;57.8;2016-03-01 00:00:00
75;0.0;-5.6;-5.6;2016-03-01 00:00:00
76;0.0;-8.4;-8.4;2024-11-21 00:00:00
77;0.0;668.0;668.0;2018-11-27 00:00:00
78;242.15999999999985;-207.58;34.58;2019-12-17 00:00:00
79;0.0;1212.2;1212.2;2018-06-04 00:00:00
80;0.0;0.0;0.0;2025-11-11 00:00:00
81;-1084.8;0.0;-1084.8;2025-04-30 00:00:00
82;0.0;6.0;6.0;2021-02-24 00:00:00
83;0.0;888.8;888.8;2016-03-01 00:00:00
84;0.0;2163.34;2163.34;2016-03-01 00:00:00
85;0.0;2858.47;2858.47;2016-03-01 00:00:00
86;0.0;0.0;0.0;2016-03-01 00:00:00
87;0.0;-23.2;-23.2;2024-08-14 00:00:00
88;0.0;-0.8;-0.8;2016-03-01 00:00:00
89;0.0;-4.4;-4.4;2016-03-01 00:00:00
90;0.0;847.0;847.0;2016-03-01 00:00:00
92;0.0;262.2;262.2;2016-03-01 00:00:00
93;0.0;3848.2;3848.2;2016-12-19 00:00:00
94;16181298.17;-15357618.17;823680.0;2026-02-06 00:00:00
95;0.0;-0.4;-0.4;2016-03-01 00:00:00
96;-1.25;25.2;23.95;2025-09-03 00:00:00
97;0.0;-0.2;-0.2;2016-03-01 00:00:00
98;0.0;-0.8;-0.8;2016-03-01 00:00:00
99;0.0;0.0;0.0;2016-03-01 00:00:00
100;0.0;57.4;57.4;2024-08-14 00:00:00
101;0.0;269536.4;269536.4;2026-01-28 00:00:00
102;0.0;0.0;0.0;2025-11-27 00:00:00
103;0.0;-0.6;-0.6;2016-03-01 00:00:00
104;0.0;4138.4;4138.4;2016-03-01 00:00:00
105;0.0;-2820.0;-2820.0;2025-10-22 00:00:00
106;0.0;-2.0;-2.0;2016-03-01 00:00:00
107;0.0;0.0;0.0;2016-03-01 00:00:00
108;0.0;-48990.9;-48990.9;2026-01-26 00:00:00
109;0.0;91.8;91.8;2016-03-01 00:00:00
110;0.0;680.1;680.1;2016-03-01 00:00:00
111;0.0;0.0;0.0;2016-03-01 00:00:00
112;0.0;0.0;0.0;2016-03-01 00:00:00
113;0.0;-0.2;-0.2;2016-03-01 00:00:00
114;0.0;88699.8;88699.8;2025-11-20 00:00:00
115;0.0;0.0;0.0;2016-03-01 00:00:00
116;0.0;0.0;0.0;2020-10-29 00:00:00
117;0.0;492.0;492.0;2026-01-14 00:00:00
118;0.0;-0.6;-0.6;2016-03-01 00:00:00
119;0.0;-1.0;-1.0;2016-03-01 00:00:00
120;0.0;67.0;67.0;2016-03-01 00:00:00
121;0.0;0.0;0.0;2016-03-01 00:00:00
122;0.0;904.4;904.4;2016-03-01 00:00:00
123;0.0;100.08;100.08;2016-03-01 00:00:00
124;0.0;0.0;0.0;2016-03-01 00:00:00
125;0.0;-5.2;-5.2;2018-04-13 00:00:00
126;0.0;1.7;1.7;2016-03-01 00:00:00
127;-4000.0;3990.0;-10.0;2025-08-13 00:00:00
128;0.0;444.77;444.77;2016-03-01 00:00:00
130;9573.34;0.0;9573.34;2026-02-03 00:00:00
131;0.0;7.6;7.6;2019-07-24 00:00:00
132;0.0;-207.4;-207.4;2016-03-01 00:00:00
133;3492652.15;-44471.28;3448180.87;2026-01-15 00:00:00
134;0.0;0.0;0.0;2016-03-01 00:00:00
135;0.0;0.0;0.0;2016-03-01 00:00:00
136;-0.01;-33.0;-33.01;2025-06-17 00:00:00
137;0.0;1529.99;1529.99;2016-03-01 00:00:00
138;2856.600000000006;6705.05;9561.65;2016-04-25 00:00:00
139;0.0;0.0;0.0;2016-03-01 00:00:00
140;0.0;0.0;0.0;2016-03-01 00:00:00
143;0.0;0.0;0.0;2016-03-01 00:00:00
145;0.0;26636.55;26636.55;2016-03-01 00:00:00
147;0.0;0.0;0.0;2016-03-01 00:00:00
148;0.0;0.0;0.0;2016-03-01 00:00:00
149;0.0;423.6;423.6;2026-02-05 00:00:00
150;0.0;0.0;0.0;2016-03-01 00:00:00
151;0.0;541.5;541.5;2016-03-01 00:00:00
152;0.0;-69.0;-69.0;2023-11-02 00:00:00
153;0.0;564.0;564.0;2016-03-01 00:00:00
154;0.0;0.0;0.0;2016-03-01 00:00:00
156;-2067.59;50495.43;48427.84;2026-01-26 00:00:00
157;0.0;0.0;0.0;2016-03-01 00:00:00
158;0.0;5401.19;5401.19;2016-03-01 00:00:00
160;0.0;0.0;0.0;2016-03-01 00:00:00
162;0.0;-16.85;-16.85;2024-03-12 00:00:00
164;0.0;2816.93;2816.93;2016-03-01 00:00:00
165;0.0;155.79;155.79;2016-03-01 00:00:00
167;0.0;0.0;0.0;2016-03-01 00:00:00
168;0.0;1471.99;1471.99;2016-03-01 00:00:00
170;0.0;124.0;124.0;2016-03-01 00:00:00
171;0.0;742397.5;742397.5;2026-02-02 00:00:00
172;0.0;29648.26;29648.26;2016-03-01 00:00:00
173;0.0;0.0;0.0;2016-03-01 00:00:00
174;0.0;-30.2;-30.2;2016-03-01 00:00:00
176;0.0;861.52;861.52;2016-03-01 00:00:00
177;0.0;0.2;0.2;2021-07-28 00:00:00
178;0.0;5.0;5.0;2025-11-26 00:00:00
179;0.0;0.9;0.9;2016-03-01 00:00:00
180;0.0;1.6;1.6;2016-03-01 00:00:00
183;0.0;0.0;0.0;2016-03-01 00:00:00
184;0.0;0.5;0.5;2016-03-01 00:00:00
185;0.0;-0.01;-0.01;2016-03-01 00:00:00
188;0.0;0.0;0.0;2016-03-01 00:00:00
190;0.0;407.6;407.6;2016-03-01 00:00:00
192;0.0;220208.0;220208.0;2025-12-16 00:00:00
193;0.0;74.8;74.8;2016-03-01 00:00:00
195;0.0;-54.0;-54.0;2024-07-29 00:00:00
196;0.0;4015.46;4015.46;2016-03-01 00:00:00
197;0.0;507.56;507.56;2019-04-24 00:00:00
198;0.0;0.0;0.0;2016-03-01 00:00:00
199;0.0;0.0;0.0;2016-03-01 00:00:00
200;0.0;0.0;0.0;2016-03-01 00:00:00
201;0.0;-1317.0;-1317.0;2025-07-21 00:00:00
202;0.0;-0.8;-0.8;2016-03-01 00:00:00
203;0.0;8.4;8.4;2016-03-01 00:00:00
204;0.0;0.6;0.6;2016-03-01 00:00:00
205;0.0;0.0;0.0;2016-03-01 00:00:00
206;0.0;-285.75;-285.75;2024-01-11 00:00:00
207;0.0;125.4;125.4;2026-01-26 00:00:00
208;0.0;-161.0;-161.0;2016-03-01 00:00:00
209;0.0;241.0;241.0;2026-01-20 00:00:00
210;0.0;0.0;0.0;2017-10-17 00:00:00
211;0.0;0.0;0.0;2016-03-01 00:00:00
212;0.0;2065.0;2065.0;2026-01-26 00:00:00
213;0.0;-155.52;-155.52;2024-02-27 00:00:00
214;0.0;260.0;260.0;2016-03-01 00:00:00
215;0.0;234.4;234.4;2021-04-30 00:00:00
216;0.0;0.5;0.5;2016-03-01 00:00:00
217;288320.54;-288320.0;0.5399999999790452;2026-02-06 00:00:00
218;0.0;-18595.0;-18595.0;2026-01-09 00:00:00
219;0.0;1160.0;1160.0;2016-03-01 00:00:00
220;29673.21;-29358.4;314.8099999999977;2025-12-23 00:00:00
221;0.0;0.8;0.8;2016-03-01 00:00:00
222;0.0;1881.2;1881.2;2016-03-01 00:00:00
223;0.0;-3780.0;-3780.0;2021-11-24 00:00:00
224;0.0;0.0;0.0;2016-03-01 00:00:00
225;0.0;-1.25;-1.25;2016-03-01 00:00:00
226;0.0;221.6;221.6;2016-03-01 00:00:00
227;0.0;-6.0;-6.0;2023-05-29 00:00:00
228;0.0;187.8;187.8;2016-03-01 00:00:00
229;0.0;-300.39;-300.39;2024-08-22 00:00:00
230;0.0;112403.2;112403.2;2026-01-16 00:00:00
231;0.0;-186.5;-186.5;2019-03-20 00:00:00
232;0.0;0.0;0.0;2016-03-01 00:00:00
233;0.0;51159.6;51159.6;2025-12-18 00:00:00
234;0.0;982.0;982.0;2016-10-05 00:00:00
235;0.0;0.0;0.0;2016-03-01 00:00:00
236;0.0;2058.07;2058.07;2017-06-14 00:00:00
237;0.0;4024.4;4024.4;2019-10-01 00:00:00
238;0.0;0.0;0.0;2016-03-01 00:00:00
239;-16000.0;105988.8;89988.8;2026-01-20 00:00:00
240;0.0;-3478.0;-3478.0;2026-01-31 00:00:00
242;0.0;2812965.77;2812965.77;2026-01-31 00:00:00
243;0.0;0.0;0.0;2016-03-01 00:00:00
245;0.0;1278.0;1278.0;2016-03-01 00:00:00
246;0.0;21311.2;21311.2;2025-12-03 00:00:00
247;-3.56;-725.6;-729.16;2024-06-28 00:00:00
248;0.0;57.6;57.6;2016-03-01 00:00:00
249;0.0;24.8;24.8;2016-03-01 00:00:00
250;0.0;0.8;0.8;2016-09-29 00:00:00
251;0.0;-9844.6;-9844.6;2024-10-24 00:00:00
252;0.0;0.0;0.0;2016-03-01 00:00:00
253;0.0;0.0;0.0;2016-03-01 00:00:00
254;0.0;0.55;0.55;2016-03-01 00:00:00
255;0.0;180.0;180.0;2024-11-07 00:00:00
256;0.0;0.0;0.0;2016-03-01 00:00:00
257;0.0;0.0;0.0;2025-02-21 00:00:00
258;344182.61;3021.0;347203.61;2025-08-28 00:00:00
259;0.0;28859.3;28859.3;2026-01-28 00:00:00
260;0.0;336.0;336.0;2016-03-01 00:00:00
261;8.8;-23247.8;-23239.0;2025-09-30 00:00:00
262;0.0;-40.25;-40.25;2018-12-31 00:00:00
263;0.0;0.0;0.0;2025-05-21 00:00:00
264;0.0;6.8;6.8;2020-09-07 00:00:00
265;0.0;-0.2;-0.2;2016-03-01 00:00:00
266;0.0;263.0;263.0;2016-03-01 00:00:00
267;-701.22;292831.35;292130.13;2026-01-05 00:00:00
268;0.0;-94.0;-94.0;2016-03-01 00:00:00
269;0.0;-33.45;-33.45;2016-03-04 00:00:00
270;0.0;0.0;0.0;2016-03-01 00:00:00
271;0.0;520.8;520.8;2016-03-01 00:00:00
272;0.0;0.0;0.0;2016-03-01 00:00:00
273;0.0;41.68;41.68;2018-08-13 00:00:00
274;0.0;1.8;1.8;2016-03-01 00:00:00
275;12.94;248997.16;249010.1;2026-01-15 00:00:00
276;0.0;-0.56;-0.56;2016-03-01 00:00:00
277;605802.58;0.0;605802.58;2026-01-23 00:00:00
278;0.0;0.0;0.0;2016-03-01 00:00:00
279;0.0;9.8;9.8;2016-03-01 00:00:00
280;0.0;-2068.0;-2068.0;2019-01-23 00:00:00
281;0.0;158.2;158.2;2016-03-01 00:00:00
282;0.0;301029.8;301029.8;2026-02-03 00:00:00
283;0.0;0.0;0.0;2016-03-01 00:00:00
284;0.0;831.0;831.0;2016-03-01 00:00:00
285;0.0;-0.6;-0.6;2016-03-01 00:00:00
286;0.0;0.0;0.0;2017-02-09 00:00:00
287;1660.4;-2710.6;-1050.2;2026-02-03 00:00:00
288;-13.4;-510.1;-523.5;2023-11-16 00:00:00
289;0.0;1708.0;1708.0;2020-01-28 00:00:00
290;0.0;43675.0;43675.0;2025-12-22 00:00:00
291;163547.97;-89181.5;74366.47;2026-01-22 00:00:00
292;0.0;2.4;2.4;2016-03-01 00:00:00
293;0.0;5.4;5.4;2016-03-01 00:00:00
294;0.0;255.0;255.0;2023-12-18 00:00:00
295;0.0;106.1;106.1;2016-03-01 00:00:00
296;0.0;-999.62;-999.62;2016-03-01 00:00:00
297;0.0;200.35;200.35;2016-03-01 00:00:00
298;0.0;0.12;0.12;2016-03-01 00:00:00
299;0.0;28466.8;28466.8;2021-11-10 00:00:00
300;0.0;-819.3;-819.3;2024-08-22 00:00:00
301;0.0;20414.1;20414.1;2021-02-24 00:00:00
302;0.0;7091.7;7091.7;2016-03-01 00:00:00
303;0.0;-400.0;-400.0;2016-03-01 00:00:00
304;0.0;69.0;69.0;2016-03-01 00:00:00
305;-0.16;3746567.1;3746566.94;2026-01-30 00:00:00
306;0.0;-23.4;-23.4;2024-04-18 00:00:00
307;0.0;-8.42;-8.42;2016-03-01 00:00:00
308;102637.25;-109205.0;-6567.75;2026-02-06 00:00:00
309;0.0;1.0;1.0;2016-03-01 00:00:00
310;0.0;0.11;0.11;2016-03-01 00:00:00
311;0.0;0.0;0.0;2016-03-01 00:00:00
312;0.0;-5.6;-5.6;2021-01-28 00:00:00
313;0.0;-5.8;-5.8;2018-01-12 00:00:00
314;0.0;863.6;863.6;2018-04-16 00:00:00
315;-4.55;802.4;797.85;2025-08-30 00:00:00
316;0.0;0.2;0.2;2016-03-01 00:00:00
317;0.0;-5.4;-5.4;2016-03-01 00:00:00
319;0.0;-11.77;-11.77;2022-03-22 00:00:00
320;0.0;-17.0;-17.0;2019-09-30 00:00:00
321;0.0;-0.22;-0.22;2016-03-01 00:00:00
322;0.0;184500.0;184500.0;2026-01-20 00:00:00
323;1120.0;45659.950000000004;46779.95;2020-04-22 00:00:00
324;0.0;-0.6;-0.6;2016-03-01 00:00:00
325;0.0;0.0;0.0;2016-03-01 00:00:00
326;0.0;0.0;0.0;2016-03-01 00:00:00
327;2315336.49;7514.0;2322850.49;2025-11-18 00:00:00
328;154159.98;-154162.0;-2.02;2025-07-28 00:00:00
329;0.0;-10.6;-10.6;2021-05-31 00:00:00
330;0.0;-0.6;-0.6;2016-03-01 00:00:00
331;0.0;0.0;0.0;2016-03-01 00:00:00
332;0.0;-0.2;-0.2;2016-03-01 00:00:00
334;0.0;12.339999999996508;12.34;2024-08-07 00:00:00
335;0.0;159.6;159.6;2016-03-01 00:00:00
337;0.0;0.4;0.4;2016-03-01 00:00:00
338;0.0;0.0;0.0;2016-03-01 00:00:00
339;0.0;0.0;0.0;2016-03-01 00:00:00
340;0.0;-54.6;-54.6;2016-03-01 00:00:00
341;0.0;-3568.4;-3568.4;2016-03-01 00:00:00
342;-44168.0;155931.6;111763.6;2026-02-06 00:00:00
343;0.0;0.0;0.0;2016-03-01 00:00:00
344;0.0;0.0;0.0;2016-03-01 00:00:00
345;19888430.97;-150.0;19888280.97;2026-02-05 00:00:00
346;0.0;0.0;0.0;2025-11-04 00:00:00
347;0.0;-33.0;-33.0;2023-11-14 00:00:00
348;0.0;-47.0;-47.0;2020-10-09 00:00:00
349;0.65;-1.6;-0.95;2016-11-03 00:00:00
350;0.0;0.0;0.0;2016-03-01 00:00:00
351;0.0;3494.0;3494.0;2019-01-22 00:00:00
352;2787512.09;8230.07;2795742.1599999997;2026-01-30 00:00:00
353;0.0;-1.35;-1.35;2016-03-01 00:00:00
354;0.0;13.5;13.5;2021-03-23 00:00:00
355;0.0;-47.2;-47.2;2025-12-30 00:00:00
356;0.0;0.0;0.0;2016-03-01 00:00:00
357;0.0;-799.75;-799.75;2016-03-01 00:00:00
358;0.0;0.0;0.0;2020-10-05 00:00:00
359;0.0;811.0;811.0;2025-10-22 00:00:00
360;0.0;8.0;8.0;2016-03-01 00:00:00
361;0.0;0.0;0.0;2016-03-01 00:00:00
362;4014.13;0.0;4014.13;2025-10-27 00:00:00
363;57685.85;-1.0;57684.85;2026-02-04 00:00:00
364;0.0;755.6;755.6;2016-03-01 00:00:00
365;0.0;-73.4;-73.4;2016-03-01 00:00:00
366;0.0;15.4;15.4;2016-03-01 00:00:00
367;0.0;0.0;0.0;2016-03-01 00:00:00
369;0.0;0.0;0.0;2016-03-01 00:00:00
370;237046.76;113690.0;350736.76;2026-01-31 00:00:00
371;0.0;372477.88;372477.88;2026-01-29 00:00:00
372;0.0;2305.0;2305.0;2016-03-01 00:00:00
373;-100656.0;100456.0;-200.0;2026-01-15 00:00:00
374;0.0;-4.8;-4.8;2016-03-01 00:00:00
375;0.0;66.8;66.8;2017-02-06 00:00:00
378;431.06;83.0;514.06;2021-05-28 00:00:00
379;0.0;10.2;10.2;2016-03-01 00:00:00
381;0.0;567.35;567.35;2016-03-01 00:00:00
382;0.0;9.0;9.0;2021-12-07 00:00:00
383;0.0;0.0;0.0;2019-10-29 00:00:00
384;0.0;1.6;1.6;2016-03-01 00:00:00
385;0.0;0.0;0.0;2016-03-01 00:00:00
387;-10747.17;0.0;-10747.17;2024-08-31 00:00:00
388;0.0;234.98;234.98;2016-03-01 00:00:00
390;0.0;0.0;0.0;2016-03-01 00:00:00
391;0.0;4.0;4.0;2018-04-26 00:00:00
392;0.0;292.2;292.2;2016-03-01 00:00:00
393;0.0;-1296.0;-1296.0;2025-08-25 00:00:00
394;0.0;3.08;3.08;2016-03-01 00:00:00
395;0.07;-3.95;-3.88;2019-01-30 00:00:00
396;0.0;0.0;0.0;2016-03-01 00:00:00
397;0.0;4406691.63;4406691.63;2016-03-01 00:00:00
398;0.0;4.8;4.8;2016-03-01 00:00:00
399;0.0;0.4;0.4;2016-03-01 00:00:00
400;0.0;2.8;2.8;2016-03-01 00:00:00
401;0.0;59.0;59.0;2017-02-15 00:00:00
402;0.0;-0.3;-0.3;2016-03-01 00:00:00
403;-1880.0;2290.2;410.2;2025-11-12 00:00:00
404;0.0;100000.0;100000.0;2026-01-27 00:00:00
405;0.0;1738.4;1738.4;2016-03-01 00:00:00
406;1.0;-1.0;0.0;2024-11-05 00:00:00
407;0.0;313.0;313.0;2016-03-01 00:00:00
408;0.0;0.0;0.0;2016-03-01 00:00:00
409;0.0;0.0;0.0;2016-03-01 00:00:00
410;0.6;-193.82;-193.22;2026-01-26 00:00:00
411;-1500.0;3077.2;1577.2;2018-12-27 00:00:00
412;-44.8;152158.66;152113.86;2026-01-20 00:00:00
413;0.0;0.0;0.0;2016-03-01 00:00:00
414;3912.57;-4779.0;-866.43;2026-01-28 00:00:00
415;0.0;-3.0;-3.0;2016-03-01 00:00:00
416;-4500.0;130883.05;126383.05;2026-02-04 00:00:00
417;0.0;-624.0;-624.0;2016-03-01 00:00:00
418;0.0;-303.0;-303.0;2016-03-01 00:00:00
419;0.0;111.6;111.6;2016-03-01 00:00:00
420;0.0;2998.8;2998.8;2016-03-01 00:00:00
422;0.0;110.0;110.0;2016-03-01 00:00:00
423;0.0;-31.0;-31.0;2024-01-10 00:00:00
424;0.0;0.0;0.0;2016-03-01 00:00:00
426;0.0;2.4;2.4;2016-03-01 00:00:00
427;0.0;13.4;13.4;2016-03-01 00:00:00
429;0.0;189.3;189.3;2016-03-01 00:00:00
430;0.0;64985.25;64985.25;2019-12-06 00:00:00
431;0.0;-1.8;-1.8;2018-04-30 00:00:00
432;0.0;-12.8;-12.8;2018-01-09 00:00:00
433;326845.42;-22685.49;304159.93;2026-01-22 00:00:00
434;0.0;-8.0;-8.0;2016-11-02 00:00:00
435;3647.71;-7850.0;-4202.29;2021-09-17 00:00:00
436;0.0;0.0;0.0;2017-09-21 00:00:00
437;0.0;-0.4;-0.4;2016-03-01 00:00:00
438;0.0;1488.8;1488.8;2016-03-01 00:00:00
439;0.0;296.58;296.58;2016-03-01 00:00:00
440;0.0;-1.19;-1.19;2016-03-01 00:00:00
442;2.0;-2.0;0.0;2024-11-08 00:00:00
443;0.0;6.6;6.6;2016-03-01 00:00:00
444;0.0;1.8;1.8;2016-03-01 00:00:00
446;0.0;0.0;0.0;2016-03-01 00:00:00
447;0.0;20.0;20.0;2016-09-29 00:00:00
448;0.0;978.0;978.0;2025-09-11 00:00:00
449;0.0;-1247.99;-1247.99;2026-02-03 00:00:00
450;0.0;0.32;0.32;2016-03-01 00:00:00
451;0.0;0.0;0.0;2016-03-01 00:00:00
452;0.0;-306.3;-306.3;2025-12-15 00:00:00
453;0.0;300.6;300.6;2016-03-01 00:00:00
454;0.0;0.0;0.0;2016-03-01 00:00:00
455;0.0;0.0;0.0;2016-03-01 00:00:00
456;0.0;0.0;0.0;2016-03-01 00:00:00
457;0.0;0.0;0.0;2016-03-01 00:00:00
458;0.0;3150.0;3150.0;2020-12-14 00:00:00
460;0.0;-0.6;-0.6;2016-03-01 00:00:00
461;0.0;113.6;113.6;2016-03-01 00:00:00
463;0.0;872.02;872.02;2016-03-01 00:00:00
465;0.0;482406.0;482406.0;2026-01-28 00:00:00
466;0.0;0.0;0.0;2016-03-01 00:00:00
467;0.0;0.0;0.0;2016-03-01 00:00:00
468;0.0;0.0;0.0;2016-03-01 00:00:00
469;0.0;3.25;3.25;2016-03-01 00:00:00
470;0.0;1142.3;1142.3;2021-08-20 00:00:00
471;0.0;198.0;198.0;2016-03-01 00:00:00
472;1009924.3;1.0;1009925.3;2025-12-10 00:00:00
473;0.0;0.0;0.0;2016-03-01 00:00:00
474;0.0;298.4;298.4;2016-03-01 00:00:00
475;0.0;-0.02;-0.02;2016-03-01 00:00:00
479;0.0;-4.8;-4.8;2024-12-16 00:00:00
480;0.0;0.0;0.0;2016-03-01 00:00:00
481;0.0;444.2;444.2;2016-03-01 00:00:00
482;0.0;-1000.0;-1000.0;2016-03-01 00:00:00
483;0.0;-1.6;-1.6;2024-06-18 00:00:00
484;0.0;0.0;0.0;2016-03-01 00:00:00
485;0.0;504040.33;504040.33;2026-01-29 00:00:00
486;0.0;-97.6;-97.6;2016-03-01 00:00:00
487;0.0;342.8;342.8;2016-03-01 00:00:00
488;0.0;-131.6;-131.6;2016-03-01 00:00:00
489;0.0;-9.8;-9.8;2021-04-14 00:00:00
491;0.0;9942.35;9942.35;2016-03-01 00:00:00
492;0.0;0.0;0.0;2025-05-15 00:00:00
493;-20230.0;18128.0;-2102.0;2025-11-13 00:00:00
494;0.0;1.0;1.0;2016-03-01 00:00:00
495;0.0;4.8;4.8;2016-03-01 00:00:00
496;0.0;0.0;0.0;2016-03-01 00:00:00
497;0.0;0.0;0.0;2016-03-01 00:00:00
498;0.0;0.0;0.0;2016-03-01 00:00:00
499;0.0;0.0;0.0;2016-03-01 00:00:00
500;0.0;0.0;0.0;2016-03-01 00:00:00
501;0.0;-143.85;-143.85;2021-03-31 00:00:00
502;0.0;0.0;0.0;2016-03-01 00:00:00
503;0.0;241.4;241.4;2016-03-01 00:00:00
504;0.0;0.0;0.0;2016-03-01 00:00:00
506;0.0;0.0;0.0;2016-03-01 00:00:00
507;0.0;0.0;0.0;2016-03-01 00:00:00
508;0.0;-11.66;-11.66;2016-03-01 00:00:00
509;1480.0;-1480.0;0.0;2020-10-21 00:00:00
510;0.0;992.2;992.2;2017-08-30 00:00:00
511;0.0;-28.0;-28.0;2016-03-01 00:00:00
512;0.0;-0.6;-0.6;2016-03-01 00:00:00
513;0.0;0.2;0.2;2016-03-01 00:00:00
514;18.8;-94446.8;-94428.0;2026-01-28 00:00:00
515;0.0;-23.7;-23.7;2016-03-01 00:00:00
516;0.0;2.4;2.4;2016-03-01 00:00:00
517;0.0;402.4;402.4;2016-03-01 00:00:00
518;0.0;0.0;0.0;2016-03-01 00:00:00
519;0.0;8.34;8.34;2016-03-01 00:00:00
520;0.0;0.0;0.0;2017-02-10 00:00:00
521;0.0;197.63;197.63;2016-03-01 00:00:00
522;0.0;0.0;0.0;2016-03-01 00:00:00
523;-1554.03;185904.42;184350.39;2026-02-03 00:00:00
524;0.0;0.0;0.0;2016-03-01 00:00:00
526;0.0;-0.8;-0.8;2016-03-01 00:00:00
527;0.0;-244.4;-244.4;2026-01-22 00:00:00
528;0.0;-14.82;-14.82;2016-03-01 00:00:00
529;0.0;36214.5;36214.5;2026-02-05 00:00:00
530;0.0;0.2;0.2;2016-03-01 00:00:00
531;-1000.0;126562.5;125562.5;2024-10-14 00:00:00
532;0.0;0.0;0.0;2016-03-01 00:00:00
533;0.0;-3.48;-3.48;2016-03-01 00:00:00
535;0.0;0.0;0.0;2016-03-01 00:00:00
536;2597.1;-320.0;2277.1;2020-09-16 00:00:00
537;0.0;0.0;0.0;2022-09-14 00:00:00
538;0.0;2.1;2.1;2016-03-01 00:00:00
539;379040.07;-348000.0;31040.07;2025-08-12 00:00:00
541;0.0;1137.41;1137.41;2016-03-01 00:00:00
542;10233.84;-9530.01;703.83;2024-06-19 00:00:00
543;0.0;-36.0;-36.0;2016-03-01 00:00:00
544;3528080.45;-2220623.48;1307456.97;2026-02-04 00:00:00
545;-1.9400000000023283;7.0;5.0600000000000005;2024-11-06 00:00:00
546;0.0;1.6;1.6;2016-03-01 00:00:00
547;477.31;0.0;477.31;2023-10-31 00:00:00
548;0.0;254.2;254.2;2016-03-01 00:00:00
549;0.0;3.8;3.8;2016-07-27 00:00:00
550;0.0;0.0;0.0;2016-03-01 00:00:00
551;0.0;156.0;156.0;2016-03-01 00:00:00
552;0.0;1177.8;1177.8;2016-03-01 00:00:00
553;0.0;3.4;3.4;2016-03-01 00:00:00
555;0.0;65409.0;65409.0;2026-01-29 00:00:00
556;0.0;618.0;618.0;2025-12-29 00:00:00
557;0.0;0.0;0.0;2016-03-01 00:00:00
558;1116.42;-1152.4;-35.98;2023-11-08 00:00:00
559;0.0;39.5;39.5;2020-03-02 00:00:00
560;0.0;-11.2;-11.2;2016-03-01 00:00:00
561;0.0;-53.2;-53.2;2016-03-01 00:00:00
562;0.0;0.4;0.4;2016-03-01 00:00:00
563;0.0;549.4;549.4;2016-03-01 00:00:00
564;152.19;-72.86;79.33;2023-07-18 00:00:00
565;0.0;-0.8;-0.8;2016-03-01 00:00:00
566;-5000.0;228723.0;223723.0;2026-01-28 00:00:00
567;0.0;2.38;2.38;2016-03-01 00:00:00
568;0.0;816.0;816.0;2016-03-01 00:00:00
569;0.0;1.4;1.4;2016-03-01 00:00:00
570;0.0;82.07;82.07;2016-03-01 00:00:00
571;-1873.34;70269.75;68396.41;2026-02-06 00:00:00
572;0.0;1356.62;1356.62;2021-07-31 00:00:00
573;-990228.0;990056.0;-172.0;2025-11-11 00:00:00
574;0.0;0.0;0.0;2016-03-01 00:00:00
575;0.0;0.0;0.0;2016-03-01 00:00:00
576;0.0;-70.8;-70.8;2016-03-01 00:00:00
577;0.0;2.6;2.6;2016-03-01 00:00:00
578;0.0;106.6;106.6;2026-01-06 00:00:00
580;0.0;-92.6;-92.6;2026-01-26 00:00:00
581;0.0;0.0;0.0;2016-03-01 00:00:00
582;0.0;1370.23;1370.23;2016-03-01 00:00:00
583;125.21;16.74;141.95;2019-10-17 00:00:00
584;0.0;67.6;67.6;2025-10-22 00:00:00
586;0.0;663.2;663.2;2016-03-01 00:00:00
587;0.0;0.81;0.81;2016-03-01 00:00:00
588;112058.66;-1.86;112056.8;2026-02-03 00:00:00
589;0.0;167.0;167.0;2016-03-01 00:00:00
590;0.0;235.8;235.8;2022-08-08 00:00:00
591;2.6;134193.0;134195.6;2026-02-03 00:00:00
592;0.0;2722.5;2722.5;2016-03-01 00:00:00
593;0.0;527.0;527.0;2016-03-01 00:00:00
594;0.0;0.0;0.0;2016-03-01 00:00:00
595;0.0;3555.0;3555.0;2026-02-06 00:00:00
596;0.0;-2987.8;-2987.8;2026-01-21 00:00:00
597;0.0;604.4;604.4;2016-03-01 00:00:00
598;0.0;0.0;0.0;2016-03-01 00:00:00
599;1392.76;-1390.72;2.04;2020-12-04 00:00:00
600;0.0;973.26;973.26;2016-03-01 00:00:00
601;0.0;2.0;2.0;2016-03-01 00:00:00
602;0.0;0.0;0.0;2016-03-01 00:00:00
603;0.0;521.8;521.8;2016-03-01 00:00:00
604;0.0;0.0;0.0;2016-03-01 00:00:00
605;0.0;-2022.29;-2022.29;2025-02-25 00:00:00
606;0.0;0.0;0.0;2016-03-01 00:00:00
607;-118.88;-628.6;-747.48;2025-08-27 00:00:00
609;0.0;4.0;4.0;2016-03-01 00:00:00
610;0.0;-250.4;-250.4;2016-03-01 00:00:00
611;-2616.29;2616.29;0.0;2026-01-28 00:00:00
612;0.0;3736.0;3736.0;2020-07-29 00:00:00
613;0.0;0.0;0.0;2016-03-01 00:00:00
614;0.0;0.0;0.0;2016-03-01 00:00:00
615;0.0;-0.4;-0.4;2016-03-01 00:00:00
616;0.0;-34.93;-34.93;2016-03-01 00:00:00
617;0.0;1.6;1.6;2016-07-04 00:00:00
618;458.4500000000007;-458.45;0.0;2021-11-18 00:00:00
619;0.0;-1.75;-1.75;2016-03-01 00:00:00
620;0.0;44.6;44.6;2016-03-01 00:00:00
621;0.0;-3.0;-3.0;2016-03-01 00:00:00
622;898.66;-896.2;2.46;2016-10-17 00:00:00
623;0.0;-40.0;-40.0;2023-01-10 00:00:00
624;0.0;-76.0;-76.0;2016-03-01 00:00:00
625;0.0;50.8;50.8;2016-03-01 00:00:00
626;0.0;24099.0;24099.0;2017-12-21 00:00:00
627;0.0;7.6;7.6;2019-08-13 00:00:00
628;0.0;-30.6;-30.6;2020-06-19 00:00:00
629;0.0;116.0;116.0;2016-03-01 00:00:00
630;0.0;0.0;0.0;2016-03-01 00:00:00
631;0.0;20.2;20.2;2017-03-31 00:00:00
632;283731.62;0.0;283731.62;2026-01-30 00:00:00
633;0.0;-1600.0;-1600.0;2016-03-01 00:00:00
634;0.0;0.0;0.0;2016-03-01 00:00:00
635;-57077.71;-70887.07;-127964.78;2018-06-27 00:00:00
636;0.0;28.99;28.99;2022-12-19 00:00:00
637;0.0;-3.2;-3.2;2016-03-01 00:00:00
638;0.0;3526.3;3526.3;2026-02-02 00:00:00
639;0.0;0.0;0.0;2016-03-01 00:00:00
640;0.0;43.6;43.6;2016-03-01 00:00:00
641;0.0;578.2;578.2;2018-01-30 00:00:00
642;0.0;1230.4;1230.4;2016-03-01 00:00:00
643;-5.2;-3.8;-9.0;2022-11-09 00:00:00
644;0.0;0.0;0.0;2016-03-01 00:00:00
645;0.0;0.0;0.0;2016-03-01 00:00:00
646;0.0;1185.62;1185.62;2016-03-01 00:00:00
647;0.0;444.0;444.0;2016-03-01 00:00:00
648;0.0;2307.0;2307.0;2018-11-30 00:00:00
649;0.0;39.1;39.1;2025-04-14 00:00:00
650;0.0;949.13;949.13;2026-01-19 00:00:00
651;0.0;-41.4;-41.4;2016-03-01 00:00:00
652;0.0;5.78;5.78;2016-03-01 00:00:00
653;0.0;-51.75;-51.75;2016-03-01 00:00:00
654;0.0;0.0;0.0;2016-03-01 00:00:00
655;0.0;-0.6;-0.6;2016-03-01 00:00:00
656;0.0;-0.6;-0.6;2016-03-01 00:00:00
657;0.0;-0.2;-0.2;2016-03-01 00:00:00
658;0.0;6838.05;6838.05;2016-03-01 00:00:00
659;0.0;432.0;432.0;2016-03-01 00:00:00
660;0.0;-77.97;-77.97;2016-03-01 00:00:00
661;-17.06;-0.01;-17.07;2024-09-23 00:00:00
663;0.0;-194.6;-194.6;2024-07-10 00:00:00
664;0.0;0.0;0.0;2016-03-01 00:00:00
665;0.0;0.0;0.0;2016-03-01 00:00:00
666;0.0;184.4;184.4;2025-03-26 00:00:00
667;0.0;-0.8;-0.8;2025-07-11 00:00:00
668;0.0;-0.8;-0.8;2016-03-01 00:00:00
669;0.0;-0.01;-0.01;2016-03-01 00:00:00
670;0.0;0.0;0.0;2020-12-09 00:00:00
671;0.0;-0.2;-0.2;2016-03-01 00:00:00
672;0.0;-0.6;-0.6;2016-03-01 00:00:00
673;0.0;-297.0;-297.0;2016-03-01 00:00:00
674;0.0;0.0;0.0;2016-03-01 00:00:00
675;0.0;1.0;1.0;2016-03-01 00:00:00
676;4.2;30.8;35.0;2023-10-06 00:00:00
677;0.0;0.0;0.0;2016-03-01 00:00:00
678;0.0;-2152.4;-2152.4;2019-03-25 00:00:00
679;0.0;0.0;0.0;2016-03-01 00:00:00
680;119785.05;84715.03;204500.08;2026-02-04 00:00:00
681;102778.97;-104493.62;-1714.65;2026-01-13 00:00:00
682;0.0;0.0;0.0;2016-03-01 00:00:00
683;0.0;0.0;0.0;2020-10-13 00:00:00
684;7717.67;-645.39;7072.28;2022-11-15 00:00:00
685;0.0;2428.5;2428.5;2016-03-01 00:00:00
686;0.0;-0.02;-0.02;2016-12-06 00:00:00
687;0.0;4.8;4.8;2017-08-14 00:00:00
688;0.0;3412.82;3412.82;2016-03-01 00:00:00
689;14482.47;-14944.97;-462.5;2026-02-05 00:00:00
690;0.0;-81.08;-81.08;2016-03-01 00:00:00
691;0.0;0.0;0.0;2016-03-01 00:00:00
692;0.0;-26.8;-26.8;2021-05-11 00:00:00
693;0.0;5.35;5.35;2016-03-01 00:00:00
694;0.0;-20.6;-20.6;2020-12-01 00:00:00
695;0.0;-24.2;-24.2;2019-02-08 00:00:00
696;-6.06;6.0;-0.06;2025-03-20 00:00:00
697;-14992.0;14992.0;0.0;2025-03-10 00:00:00
698;0.0;230.6;230.6;2016-03-01 00:00:00
700;0.0;-54.65;-54.65;2023-11-24 00:00:00
701;0.0;0.03;0.03;2016-03-01 00:00:00
702;0.0;0.0;0.0;2016-03-01 00:00:00
703;0.0;2434.6;2434.6;2017-08-25 00:00:00
704;0.0;-2.8;-2.8;2016-03-01 00:00:00
705;-104800.0;104859.0;59.0;2025-11-20 00:00:00
706;0.0;2261.0;2261.0;2024-11-04 00:00:00
708;0.0;12759.09;12759.09;2018-01-22 00:00:00
709;620.4;29867.28;30487.68;2025-12-09 00:00:00
710;0.0;81474.85;81474.85;2026-01-13 00:00:00
711;0.0;1259.6;1259.6;2016-03-01 00:00:00
712;0.0;45.2;45.2;2016-03-01 00:00:00
713;0.0;0.0;0.0;2016-03-01 00:00:00
714;0.0;2.6;2.6;2016-03-01 00:00:00
715;0.0;0.0;0.0;2016-03-01 00:00:00
716;0.0;36141.2;36141.2;2026-02-02 00:00:00
717;0.0;1.75;1.75;2016-03-01 00:00:00
718;0.0;6401.12;6401.12;2016-08-30 00:00:00
719;0.0;176.63;176.63;2016-07-14 00:00:00
720;0.0;-1.81;-1.81;2016-03-01 00:00:00
721;-0.01;486.6;486.59;2024-04-22 00:00:00
722;-19355.08;0.0;-19355.08;2026-01-30 00:00:00
723;0.0;0.0;0.0;2016-03-01 00:00:00
724;0.0;1223.0;1223.0;2023-01-23 00:00:00
725;0.0;0.0;0.0;2016-03-01 00:00:00
726;0.0;1.21;1.21;2016-03-01 00:00:00
727;0.0;-844.8;-844.8;2016-03-22 00:00:00
728;0.0;-77.4;-77.4;2025-07-30 00:00:00
729;0.0;8.2;8.2;2016-03-01 00:00:00
730;0.0;-0.2;-0.2;2016-03-01 00:00:00
731;0.0;18.8;18.8;2016-09-15 00:00:00
732;0.0;2364.2;2364.2;2019-02-22 00:00:00
733;0.0;-0.4;-0.4;2016-03-01 00:00:00
734;0.0;7.0;7.0;2021-01-14 00:00:00
735;0.0;3281.05;3281.05;2018-03-19 00:00:00
736;0.0;22966.89;22966.89;2016-03-01 00:00:00
737;0.0;-2.6;-2.6;2020-04-21 00:00:00
738;0.0;0.0;0.0;2016-03-01 00:00:00
739;0.0;1.02;1.02;2016-03-01 00:00:00
740;-4.4;-53343.6;-53348.0;2025-08-15 00:00:00
741;0.0;0.0;0.0;2016-03-01 00:00:00
742;7484.5;431238.0;438722.5;2026-02-06 00:00:00
743;0.0;51592.0;51592.0;2026-01-27 00:00:00
744;0.0;29.5;29.5;2026-01-22 00:00:00
745;0.0;319099.5;319099.5;2025-12-29 00:00:00
746;-5380.0;5242.0;-138.0;2024-07-05 00:00:00
747;0.0;41.6;41.6;2018-04-03 00:00:00
748;0.0;96483.0;96483.0;2026-02-06 00:00:00
749;0.0;1703.6;1703.6;2016-09-27 00:00:00
750;0.0;0.0;0.0;2016-03-01 00:00:00
751;0.0;0.0;0.0;2016-03-01 00:00:00
752;0.0;0.0;0.0;2016-03-01 00:00:00
753;0.0;531.5;531.5;2016-03-01 00:00:00
754;10479.059999999998;-9784.0;695.0599999999995;2024-09-02 00:00:00
755;0.0;5.75;5.75;2017-03-22 00:00:00
756;-1773.56;1773.56;0.0;2017-08-31 00:00:00
757;0.0;0.0;0.0;2016-03-01 00:00:00
758;-47482.0;63286.5;15804.5;2026-02-05 00:00:00
759;983.96;-119.99;863.97;2025-11-13 00:00:00
760;0.0;-390.98;-390.98;2016-11-09 00:00:00
761;0.0;-6.0;-6.0;2019-02-18 00:00:00
762;0.0;0.0;0.0;2016-03-01 00:00:00
764;0.0;0.0;0.0;2016-03-01 00:00:00
765;0.0;4812.2;4812.2;2019-12-18 00:00:00
766;0.0;1922.36;1922.36;2016-03-01 00:00:00
767;0.0;2086.0;2086.0;2021-07-08 00:00:00
768;0.0;30.0;30.0;2017-01-19 00:00:00
769;7847.95;-2373.55;5474.4;2026-02-05 00:00:00
770;0.0;-5.2;-5.2;2016-12-12 00:00:00
771;0.0;0.0;0.0;2018-06-07 00:00:00
773;0.0;335.81;335.81;2018-05-17 00:00:00
774;0.0;0.0;0.0;2016-03-01 00:00:00
775;0.0;5566.4;5566.4;2016-03-01 00:00:00
776;0.0;101.8;101.8;2020-03-12 00:00:00
777;0.0;-9.0;-9.0;2016-03-01 00:00:00
778;0.0;4.6;4.6;2020-07-27 00:00:00
779;-15387.36;17186.42;1799.0599999999977;2025-02-13 00:00:00
780;-0.01;0.01;0.0;2016-06-03 00:00:00
781;0.0;9.4;9.4;2016-03-01 00:00:00
782;0.0;0.6;0.6;2016-03-01 00:00:00
783;0.0;0.0;0.0;2019-10-04 00:00:00
784;0.0;0.0;0.0;2016-03-01 00:00:00
785;0.0;9.8;9.8;2020-07-27 00:00:00
786;0.0;0.26;0.26;2016-03-01 00:00:00
788;0.0;-7.6;-7.6;2016-03-01 00:00:00
789;0.0;371062.0;371062.0;2026-01-30 00:00:00
790;-1471.58;196597.52;195125.94;2026-02-06 00:00:00
791;0.0;983.4;983.4;2021-09-09 00:00:00
792;0.0;-6.63;-6.63;2016-03-01 00:00:00
793;298645.95;1718120.13;2016766.08;2026-01-31 00:00:00
794;0.0;-4.6;-4.6;2020-07-27 00:00:00
795;0.0;-14.0;-14.0;2018-08-27 00:00:00
796;0.0;0.0;0.0;2021-08-12 00:00:00
797;0.0;0.0;0.0;2016-03-01 00:00:00
798;0.0;49.8;49.8;2016-03-01 00:00:00
799;0.0;-615.4;-615.4;2016-03-01 00:00:00
800;0.0;0.0;0.0;2016-03-01 00:00:00
801;0.0;0.26;0.26;2016-03-01 00:00:00
802;-2000.0;55140.8;53140.8;2025-12-18 00:00:00
803;0.0;3285.2700000000004;3285.27;2020-11-24 00:00:00
804;0.0;1668.0;1668.0;2024-05-03 00:00:00
805;0.0;-4.0;-4.0;2016-03-01 00:00:00
806;0.0;7.8;7.8;2016-03-01 00:00:00
807;0.0;184317.0;184317.0;2026-02-06 00:00:00
808;0.0;0.0;0.0;2018-12-31 00:00:00
809;0.0;1.0;1.0;2016-03-01 00:00:00
810;0.0;-22.0;-22.0;2023-06-29 00:00:00
811;0.0;0.0;0.0;2016-03-01 00:00:00
812;0.0;-99.49;-99.49;2016-03-01 00:00:00
813;0.0;0.0;0.0;2016-03-01 00:00:00
814;0.0;16.6;16.6;2016-03-01 00:00:00
815;0.0;20.8;20.8;2016-03-01 00:00:00
816;295450.99;-301199.0;-5748.01;2025-12-10 00:00:00
818;54197.29;-46456.0;7741.29;2025-10-24 00:00:00
819;-5075.4;5075.4;0.0;2026-02-05 00:00:00
820;0.0;243.0;243.0;2016-03-01 00:00:00
821;0.0;-0.4;-0.4;2016-03-01 00:00:00
822;0.0;-151.0;-151.0;2017-06-21 00:00:00
823;0.0;1154.4;1154.4;2016-03-01 00:00:00
824;0.0;24.0;24.0;2016-03-01 00:00:00
825;0.0;-500.0;-500.0;2016-03-01 00:00:00
826;0.0;47.0;47.0;2026-01-14 00:00:00
827;0.0;-0.6;-0.6;2016-03-01 00:00:00
828;0.0;532.6;532.6;2016-03-01 00:00:00
829;0.0;23902.4;23902.4;2022-08-11 00:00:00
830;0.0;-104.0;-104.0;2022-04-08 00:00:00
831;0.0;20.0;20.0;2025-12-30 00:00:00
832;0.0;-0.40000000000009095;-0.4;2016-07-22 00:00:00
833;0.0;20.4;20.4;2016-03-01 00:00:00
834;4614.9;-6217.0;-1602.1;2025-12-19 00:00:00
835;0.0;1.8;1.8;2016-03-01 00:00:00
836;0.0;237.6;237.6;2016-03-01 00:00:00
838;0.0;-6.5;-6.5;2016-03-01 00:00:00
839;0.0;2.98;2.98;2016-03-01 00:00:00
840;0.0;0.0;0.0;2019-03-18 00:00:00
841;0.0;1507.42;1507.42;2016-03-01 00:00:00
842;-50000.0;103332.0;53332.0;2026-01-13 00:00:00
843;0.0;1.4;1.4;2016-03-01 00:00:00
844;0.0;2711.01;2711.01;2016-03-01 00:00:00
845;0.0;21.85;21.85;2016-03-01 00:00:00
847;0.0;187255.0;187255.0;2026-02-06 00:00:00
848;0.0;654.35;654.35;2022-10-31 00:00:00
849;0.0;9087.05;9087.05;2025-09-29 00:00:00
850;0.0;0.0;0.0;2016-03-01 00:00:00
851;322560.51999999996;-23950.5;298610.02;2026-01-15 00:00:00
852;0.0;-36.0;-36.0;2019-10-31 00:00:00
853;-121396.98;119011.19;-2385.79;2026-02-06 00:00:00
854;0.0;593563.0;593563.0;2026-01-23 00:00:00
855;0.0;0.0;0.0;2016-03-01 00:00:00
856;0.0;0.0;0.0;2016-03-01 00:00:00
857;0.0;8.0;8.0;2026-01-30 00:00:00
858;0.0;0.0;0.0;2019-11-20 00:00:00
859;0.0;13.41;13.41;2016-03-01 00:00:00
860;0.0;57.2;57.2;2016-03-01 00:00:00
861;0.0;-90.6;-90.6;2016-03-01 00:00:00
862;0.0;3.58;3.58;2016-03-01 00:00:00
863;0.0;77.2;77.2;2019-09-16 00:00:00
864;0.0;-0.59;-0.59;2016-03-01 00:00:00
865;0.0;118.93;118.93;2020-06-25 00:00:00
866;0.0;0.0;0.0;2016-03-01 00:00:00
867;0.0;300.8;300.8;2016-03-01 00:00:00
868;0.0;7.0;7.0;2016-03-01 00:00:00
869;0.0;251.2;251.2;2016-03-01 00:00:00
870;0.0;1837.41;1837.41;2016-03-01 00:00:00
871;0.0;0.0;0.0;2016-03-01 00:00:00
873;0.0;248.0;248.0;2016-03-01 00:00:00
874;0.0;0.0;0.0;2016-03-01 00:00:00
876;0.0;31.4;31.4;2016-03-01 00:00:00
877;0.0;0.0;0.0;2016-03-01 00:00:00
878;0.0;-1.0;-1.0;2016-03-01 00:00:00
879;0.0;1050.61;1050.61;2025-12-29 00:00:00
880;0.0;0.0;0.0;2016-03-01 00:00:00
881;17757852.59;11033256.7;28791109.29;2020-06-16 00:00:00
883;0.0;-20.1;-20.1;2019-05-23 00:00:00
884;0.0;0.0;0.0;2016-03-01 00:00:00
885;-181597814.4;29575160.849999998;-152022653.55;2024-01-30 00:00:00
886;0.0;73.0;73.0;2019-03-13 00:00:00
887;0.0;0.8;0.8;2016-03-01 00:00:00
888;10343.86;-10350.03;-6.17;2025-08-21 00:00:00
889;0.0;-1555.6;-1555.6;2019-10-10 00:00:00
890;0.0;0.0;0.0;2016-03-01 00:00:00
891;0.0;7623.49;7623.49;2016-03-01 00:00:00
892;0.0;-7.8;-7.8;2016-03-01 00:00:00
893;0.0;-540.8;-540.8;2020-10-07 00:00:00
894;0.0;385.47;385.47;2016-03-01 00:00:00
895;0.0;5875.64;5875.64;2016-03-01 00:00:00
896;-1341.44;-7.0;-1348.44;2018-02-19 00:00:00
897;0.0;0.0;0.0;2016-03-01 00:00:00
898;0.0;388.6;388.6;2016-03-01 00:00:00
901;0.0;0.0;0.0;2016-03-01 00:00:00
902;0.0;0.0;0.0;2016-03-01 00:00:00
903;0.0;7.6;7.6;2016-03-01 00:00:00
904;0.0;4.0;4.0;2025-02-12 00:00:00
905;0.0;0.0;0.0;2016-03-01 00:00:00
906;0.0;0.6;0.6;2016-03-01 00:00:00
907;0.0;-369.8;-369.8;2025-10-16 00:00:00
908;0.0;598.6;598.6;2016-03-01 00:00:00
909;-128.02;128.2;0.18;2020-10-27 00:00:00
910;0.0;-9788.5;-9788.5;2025-12-24 00:00:00
911;0.0;1903.23;1903.23;2026-01-31 00:00:00
912;0.0;2400.5;2400.5;2016-03-01 00:00:00
913;0.0;0.0;0.0;2016-03-01 00:00:00
914;0.0;0.0;0.0;2016-03-01 00:00:00
915;0.0;-7965.4;-7965.4;2025-01-16 00:00:00
916;0.0;-2.5;-2.5;2018-05-04 00:00:00
917;-46387.62;46781.62;394.0;2022-01-17 00:00:00
918;4839726.08;-31.76;4839694.32;2026-02-06 00:00:00
919;0.0;0.0;0.0;2016-03-01 00:00:00
920;-19.16;0.0;-19.16;2016-04-29 00:00:00
921;2160674.62;-85.0;2160589.62;2026-02-03 00:00:00
922;0.0;0.0;0.0;2016-03-01 00:00:00
923;187286.73;-154158.5;33128.23;2026-01-26 00:00:00
924;0.0;2978.0;2978.0;2020-03-11 00:00:00
925;0.0;-1610.6;-1610.6;2026-01-23 00:00:00
926;0.0;0.0;0.0;2016-03-01 00:00:00
927;0.0;1.0;1.0;2016-03-01 00:00:00
928;0.0;0.0;0.0;2018-10-30 00:00:00
929;0.0;22653.0;22653.0;2023-06-02 00:00:00
930;-8599.36;8590.32;-9.04;2026-01-28 00:00:00
931;0.0;0.0;0.0;2016-03-01 00:00:00
932;0.0;76.63;76.63;2017-03-16 00:00:00
933;0.0;4.79;4.79;2016-03-01 00:00:00
934;-1045.38;1067.08;21.7;2017-12-11 00:00:00
935;4384.0;790268.17;794652.17;2026-02-06 00:00:00
936;-3200.0;2956.0;-244.0;2026-01-26 00:00:00
937;0.0;3.0;3.0;2016-03-01 00:00:00
938;0.0;30.58;30.58;2016-03-01 00:00:00
939;-1570.0;1568.0;-2.0;2025-12-24 00:00:00
940;0.0;113472.8;113472.8;2026-02-03 00:00:00
941;0.0;-2.4;-2.4;2016-03-01 00:00:00
942;289.6;-15289.2;-14999.6;2026-01-29 00:00:00
943;0.0;0.0;0.0;2016-03-01 00:00:00
944;0.0;0.0;0.0;2017-09-22 00:00:00
945;4250.5;0.0;4250.5;2025-08-28 00:00:00
946;0.0;0.81;0.81;2016-03-01 00:00:00
947;0.0;9667.22;9667.22;2016-03-01 00:00:00
948;0.0;0.0;0.0;2022-08-05 00:00:00
949;0.0;2363.2;2363.2;2023-12-07 00:00:00
950;0.0;-4.2;-4.2;2016-03-01 00:00:00
951;0.0;0.4;0.4;2016-03-01 00:00:00
952;0.0;0.0;0.0;2016-05-13 00:00:00
954;0.0;-1.0;-1.0;2016-03-01 00:00:00
955;0.0;-0.2;-0.2;2016-03-01 00:00:00
956;0.0;0.0;0.0;2018-08-08 00:00:00
957;0.0;0.0;0.0;2016-03-01 00:00:00
958;0.0;1405.5;1405.5;2016-03-01 00:00:00
959;0.0;-2.6;-2.6;2018-07-11 00:00:00
960;0.0;0.06;0.06;2016-03-01 00:00:00
961;0.0;-140.64;-140.64;2016-03-01 00:00:00
963;3.99;295.0;298.99;2024-06-04 00:00:00
964;0.0;6092.4;6092.4;2021-04-06 00:00:00
965;0.0;0.0;0.0;2016-03-01 00:00:00
966;0.0;0.0;0.0;2016-03-01 00:00:00
967;0.0;56065.5;56065.5;2026-02-04 00:00:00
968;0.0;1.0;1.0;2022-08-16 00:00:00
969;0.0;6365.97;6365.97;2016-03-01 00:00:00
970;0.0;2781.96;2781.96;2016-03-01 00:00:00
971;0.06;-1931.35;-1931.29;2026-01-29 00:00:00
972;0.0;554238.5;554238.5;2026-01-29 00:00:00
973;0.0;109.4;109.4;2024-07-23 00:00:00
974;0.0;-123.7;-123.7;2016-03-01 00:00:00
975;0.0;0.0;0.0;2016-03-01 00:00:00
976;0.0;36.81;36.81;2016-08-02 00:00:00
977;0.0;0.0;0.0;2016-03-01 00:00:00
978;0.0;2261.4;2261.4;2020-03-17 00:00:00
979;0.0;-0.5;-0.5;2016-03-01 00:00:00
980;0.0;0.0;0.0;2016-03-01 00:00:00
981;-11.2;633828.7;633817.5;2026-01-23 00:00:00
982;0.0;0.0;0.0;2016-03-01 00:00:00
983;0.0;-43.6;-43.6;2017-10-30 00:00:00
984;0.0;-0.2;-0.2;2016-03-01 00:00:00
985;0.0;112.0;112.0;2016-03-01 00:00:00
986;-88800.0;88850.0;50.0;2024-07-29 00:00:00
987;0.0;187.6;187.6;2016-03-01 00:00:00
988;-24656.0;-4044.0;-28700.0;2024-01-03 00:00:00
989;0.0;96437.0;96437.0;2021-02-23 00:00:00
990;0.0;0.0;0.0;2016-03-01 00:00:00
991;0.0;-1006.2;-1006.2;2016-10-19 00:00:00
992;0.0;875.0;875.0;2016-03-01 00:00:00
993;0.0;-6.48;-6.48;2016-03-01 00:00:00
994;0.0;0.0;0.0;2016-03-01 00:00:00
995;0.0;31660.0;31660.0;2026-01-29 00:00:00
996;0.0;9389.6;9389.6;2016-03-01 00:00:00
997;910037.09;-177650.99;732386.1;2026-01-19 00:00:00
998;0.0;319.2;319.2;2016-03-01 00:00:00
999;12378.6;0.0;12378.6;2016-05-23 00:00:00
1000;0.0;251573244.53;251573244.53;2026-01-29 00:00:00
1001;0.0;0.0;0.0;2016-03-01 00:00:00
1002;0.0;0.0;0.0;2016-03-01 00:00:00
1003;0.0;0.0;0.0;2016-03-01 00:00:00
1004;0.0;0.0;0.0;2016-03-01 00:00:00
1005;0.0;0.0;0.0;2016-03-01 00:00:00
1006;0.0;0.0;0.0;2016-03-01 00:00:00
1007;0.0;0.72;0.72;2016-03-01 00:00:00
1008;0.0;0.0;0.0;2016-03-01 00:00:00
1009;0.0;0.0;0.0;2016-03-01 00:00:00
1010;0.0;0.0;0.0;2016-03-01 00:00:00
1011;0.0;5059.5;5059.5;2016-03-01 00:00:00
1012;0.0;0.0;0.0;2016-03-01 00:00:00
1013;0.0;0.0;0.0;2016-03-01 00:00:00
1014;0.0;0.0;0.0;2016-03-01 00:00:00
1015;0.0;0.0;0.0;2016-03-01 00:00:00
1016;0.0;0.0;0.0;2016-03-01 00:00:00
1017;0.0;0.0;0.0;2016-03-01 00:00:00
1018;0.0;0.0;0.0;2016-03-01 00:00:00
1019;0.0;0.0;0.0;2016-03-01 00:00:00
1020;0.0;10651.2;10651.2;2016-03-01 00:00:00
1021;0.0;27386.88;27386.88;2016-03-01 00:00:00
1022;0.0;5082.02;5082.02;2016-03-01 00:00:00
1023;0.0;0.0;0.0;2016-03-01 00:00:00
1024;0.0;0.0;0.0;2016-03-01 00:00:00
1025;0.0;0.0;0.0;2016-03-01 00:00:00
1026;0.0;-0.15;-0.15;2016-03-01 00:00:00
1027;0.0;0.0;0.0;2016-03-01 00:00:00
1029;0.0;-0.4;-0.4;2016-03-01 00:00:00
1030;0.0;404.99;404.99;2016-03-01 00:00:00
1031;0.0;0.0;0.0;2016-03-01 00:00:00
1032;-193108.7;193293.0;184.3;2016-07-11 00:00:00
1033;0.0;-29691.51;-29691.51;2016-03-01 00:00:00
1034;0.0;0.0;0.0;2016-03-01 00:00:00
1035;0.0;7801.73;7801.73;2016-03-01 00:00:00
1036;0.0;2960.0;2960.0;2016-03-01 00:00:00
1040;268012.39;0.0;268012.39;2018-01-05 00:00:00
1041;0.0;0.0;0.0;2016-03-01 00:00:00
1042;257286.22;4786365.82;5043652.04;2026-02-06 00:00:00
1043;0.0;597.59;597.59;2016-03-01 00:00:00
1044;0.0;6650.02;6650.02;2016-03-01 00:00:00
1045;4821.49;-1093.75;3727.74;2025-08-08 00:00:00
1046;0.0;49.5;49.5;2016-03-01 00:00:00
1047;0.0;7.6;7.6;2018-02-08 00:00:00
1048;0.0;-1.45;-1.45;2016-08-03 00:00:00
1050;0.0;2000808.82;2000808.82;2019-06-29 00:00:00
1051;616521877.83;11042251.7;627564129.5300001;2026-02-03 00:00:00
1052;1552312.42;20702.94;1573015.3599999999;2025-04-15 00:00:00
1053;0.0;-1.4;-1.4;2018-03-22 00:00:00
1054;0.0;61800.7;61800.7;2026-01-26 00:00:00
1055;3844098.84;-1054602.0;2789496.84;2026-01-28 00:00:00
1057;0.0;0.0;0.0;2016-03-01 00:00:00
1058;787.3;-532.3;255.0;2026-02-05 00:00:00
1059;0.0;123972.25;123972.25;2026-01-09 00:00:00
1060;0.0;-0.35;-0.35;2016-03-01 00:00:00
1061;0.0;0.0;0.0;2019-10-15 00:00:00
1062;-109.22;-951.5;-1060.72;2024-07-08 00:00:00
1063;0.0;-11.6;-11.6;2016-03-01 00:00:00
1064;0.0;-1.2;-1.2;2016-03-01 00:00:00
1065;0.0;0.0;0.0;2016-03-01 00:00:00
1066;0.0;264.4;264.4;2017-04-04 00:00:00
1067;0.0;0.01;0.01;2016-04-18 00:00:00
1068;0.0;92.5;92.5;2016-03-01 00:00:00
1069;-4.4;33.5;29.1;2019-08-20 00:00:00
1070;0.0;-0.8;-0.8;2016-03-10 00:00:00
1071;0.0;0.0;0.0;2016-03-01 00:00:00
1072;0.0;0.0;0.0;2016-03-01 00:00:00
1073;0.0;-31.9;-31.9;2021-02-01 00:00:00
1074;0.0;0.4;0.4;2016-04-20 00:00:00
1075;0.0;-10.02;-10.02;2019-09-25 00:00:00
1076;0.0;3852.9;3852.9;2016-03-01 00:00:00
1077;0.0;-0.6;-0.6;2019-11-30 00:00:00
1078;0.0;-1.0;-1.0;2025-05-13 00:00:00
1079;0.0;-1.2;-1.2;2016-03-01 00:00:00
1080;445770.97;3794.48;449565.44999999995;2025-06-18 00:00:00
1081;0.0;0.0;0.0;2016-03-01 00:00:00
1082;0.0;-28.23;-28.23;2016-03-01 00:00:00
1083;0.0;0.0;0.0;2016-03-01 00:00:00
1084;0.0;0.0;0.0;2016-03-01 00:00:00
1085;0.0;-235.66;-235.66;2017-09-05 00:00:00
1086;0.0;55.0;55.0;2016-03-01 00:00:00
1087;0.0;0.0;0.0;2016-03-01 00:00:00
1088;-5044.71;6991.71;1947.0;2017-04-24 00:00:00
1089;0.0;4154.89;4154.89;2016-03-01 00:00:00
1091;0.0;0.0;0.0;2016-03-01 00:00:00
1092;0.0;0.0;0.0;2016-03-01 00:00:00
1094;0.0;333.8;333.8;2016-03-01 00:00:00
1095;0.0;51143.76;51143.76;2016-03-01 00:00:00
1096;0.0;0.0;0.0;2016-03-01 00:00:00
1097;0.0;0.0;0.0;2016-08-19 00:00:00
1098;0.0;0.0;0.0;2016-03-01 00:00:00
1099;0.0;2078.01;2078.01;2016-03-01 00:00:00
1100;0.0;-1.8;-1.8;2016-03-01 00:00:00
1101;0.0;2999.02;2999.02;2016-03-01 00:00:00
1103;3505731.7399999998;-1074110.39;2431621.3500000006;2026-02-02 00:00:00
1104;0.0;981.42;981.42;2016-03-01 00:00:00
1105;0.0;-79.4;-79.4;2019-10-28 00:00:00
1106;0.0;4985.04;4985.04;2017-08-09 00:00:00
1107;0.0;7.0;7.0;2019-05-15 00:00:00
1108;0.0;-4.0;-4.0;2026-01-16 00:00:00
1109;0.0;5133.72;5133.72;2016-03-01 00:00:00
1111;0.0;-0.8;-0.8;2016-03-01 00:00:00
1113;0.0;5452.98;5452.98;2016-03-01 00:00:00
1115;0.0;0.0;0.0;2016-03-01 00:00:00
1130;0.0;0.0;0.0;2017-04-26 00:00:00
1131;0.0;1827.37;1827.37;2016-03-01 00:00:00
1134;0.0;0.0;0.0;2016-03-01 00:00:00
1140;0.0;0.0;0.0;2016-07-15 00:00:00
1150;0.0;1172.98;1172.98;2016-03-01 00:00:00
1156;0.0;-9.0;-9.0;2021-10-27 00:00:00
1157;0.0;5059.2;5059.2;2020-05-15 00:00:00
1158;23.0;1007.8;1030.8;2025-11-11 00:00:00
1200;0.0;403.6;403.6;2019-04-11 00:00:00
1201;100368.88;17007.12;117376.0;2026-02-03 00:00:00
1202;0.0;2157.2;2157.2;2024-03-11 00:00:00
1203;0.0;5529.7;5529.7;2016-03-01 00:00:00
1204;3725.62;3047.54;6773.16;2016-04-26 00:00:00
1205;0.0;1238.4;1238.4;2018-05-29 00:00:00
1206;0.0;3.2;3.2;2018-03-19 00:00:00
1207;0.0;1497.63;1497.63;2016-03-01 00:00:00
1208;0.0;8.4;8.4;2024-07-17 00:00:00
1209;1797.54;168763.83000000002;170561.37;2021-05-11 00:00:00
1210;5117440.48;-310946.66;4806493.82;2026-02-06 00:00:00
1211;0.0;0.18;0.18;2016-03-01 00:00:00
1212;0.0;0.0;0.0;2016-03-01 00:00:00
1213;0.0;9136.97;9136.97;2016-03-01 00:00:00
1214;0.0;1718.32;1718.32;2016-03-01 00:00:00
1215;4620301.81;0.0;4620301.81;2024-03-04 00:00:00
1216;0.0;1055.0;1055.0;2016-03-01 00:00:00
1217;0.0;-38.28;-38.28;2016-03-01 00:00:00
1218;0.0;-989.0;-989.0;2021-09-27 00:00:00
1219;0.0;1085.52;1085.52;2016-03-01 00:00:00
1220;0.0;0.0;0.0;2016-03-01 00:00:00
1221;0.0;-141.81;-141.81;2016-03-01 00:00:00
1222;0.0;1854.6;1854.6;2016-03-01 00:00:00
1223;0.0;921.58;921.58;2016-03-01 00:00:00
1224;0.0;16.8;16.8;2017-06-07 00:00:00
1225;0.0;32.8;32.8;2019-10-17 00:00:00
1226;0.0;1368.47;1368.47;2016-03-01 00:00:00
1227;0.0;-395.0;-395.0;2023-10-10 00:00:00
1228;0.0;0.0;0.0;2016-05-30 00:00:00
1229;9012177.24;1067.63;9013244.87;2025-03-14 00:00:00
1230;-4.36;-256.6;-260.96;2016-10-05 00:00:00
1231;-0.17;-5.2;-5.37;2018-04-10 00:00:00
1232;0.0;8483.95;8483.95;2016-03-01 00:00:00
1233;0.0;8309.72;8309.72;2016-03-01 00:00:00
1234;0.0;1443.99;1443.99;2016-03-01 00:00:00
1235;0.0;-11.3;-11.3;2019-10-28 00:00:00
1236;0.0;0.0;0.0;2016-03-01 00:00:00
1237;0.0;1187.1;1187.1;2016-03-01 00:00:00
1238;0.0;169.45;169.45;2020-03-05 00:00:00
1239;0.0;1064.99;1064.99;2016-03-01 00:00:00
1240;16643.24;-16661.04;-17.8;2019-08-31 00:00:00
1241;0.0;-18.0;-18.0;2023-05-16 00:00:00
1242;0.0;12.75;12.75;2016-03-01 00:00:00
1243;0.0;10417.77;10417.77;2016-03-01 00:00:00
1245;0.0;2760.0;2760.0;2016-03-01 00:00:00
1246;0.0;-6.4;-6.4;2016-03-01 00:00:00
1247;0.0;1804.99;1804.99;2016-03-01 00:00:00
1248;0.0;7929.99;7929.99;2016-03-01 00:00:00
1249;7623.34;2571.47;10194.81;2018-10-30 00:00:00
1250;1782.24;0.0;1782.24;2016-08-19 00:00:00
1251;0.0;1857.2;1857.2;2016-03-01 00:00:00
1252;0.0;4234.99;4234.99;2016-03-01 00:00:00
1253;0.0;3415.52;3415.52;2016-03-01 00:00:00
1254;0.0;1271.04;1271.04;2016-03-01 00:00:00
1255;0.0;1285.73;1285.73;2016-03-01 00:00:00
1286;0.0;3543.39;3543.39;2016-03-01 00:00:00
1300;0.0;0.0;0.0;2016-03-01 00:00:00
1310;0.0;1879.58;1879.58;2016-03-01 00:00:00
1313;0.0;2662.0;2662.0;2016-03-01 00:00:00
1314;0.0;2996.69;2996.69;2016-03-01 00:00:00
1315;0.0;4897.65;4897.65;2016-03-01 00:00:00
1318;0.0;-358.6;-358.6;2023-11-29 00:00:00
1320;1028.0;8254.6;9282.6;2019-08-12 00:00:00
1321;0.0;18223.11;18223.11;2016-03-01 00:00:00
1324;0.0;80490.0;80490.0;2024-03-13 00:00:00
1325;0.0;50.2;50.2;2019-05-17 00:00:00
1326;0.0;-206.35;-206.35;2017-03-09 00:00:00
1327;0.0;4923.34;4923.34;2016-03-01 00:00:00
1328;0.0;51935.86;51935.86;2016-03-01 00:00:00
1329;0.0;6567.96;6567.96;2016-03-01 00:00:00
1330;0.0;-15.5;-15.5;2018-10-29 00:00:00
1331;0.0;6138.56;6138.56;2016-03-01 00:00:00
1332;0.0;0.0;0.0;2016-10-25 00:00:00
1334;0.0;0.0;0.0;2016-03-15 00:00:00
1335;0.0;54.96;54.96;2016-03-01 00:00:00
1336;0.0;0.0;0.0;2016-03-28 00:00:00
1337;7147.5;0.0;7147.5;2016-03-28 00:00:00
1338;0.0;0.0;0.0;2016-03-29 00:00:00
1341;0.0;3644.63;3644.63;2016-03-01 00:00:00
1370;21143607.5;19957352.86;41100960.36;2026-02-06 00:00:00
1400;0.0;5012.41;5012.41;2016-03-01 00:00:00
1500;0.0;5749.99;5749.99;2016-03-01 00:00:00
1502;0.0;6039.66;6039.66;2016-03-01 00:00:00
1503;0.0;0.0;0.0;2016-11-02 00:00:00
1506;0.0;-48.25;-48.25;2020-07-20 00:00:00
1507;0.0;4000.47;4000.47;2016-03-01 00:00:00
1508;0.0;3836.97;3836.97;2016-03-01 00:00:00
1509;0.0;1863.99;1863.99;2016-03-01 00:00:00
1510;0.0;8725.22;8725.22;2016-03-01 00:00:00
1512;0.75;419728.25;419729.0;2026-01-22 00:00:00
1513;0.0;4049.58;4049.58;2016-03-01 00:00:00
1516;30.0;561.0;591.0;2025-03-10 00:00:00
1520;0.0;0.4;0.4;2022-09-20 00:00:00
1521;0.0;-0.02;-0.02;2016-03-01 00:00:00
1522;0.0;0.4;0.4;2016-03-01 00:00:00
1523;0.0;154794.84;154794.84;2016-03-01 00:00:00
1524;0.0;7329.99;7329.99;2016-03-01 00:00:00
1525;0.0;-1.2;-1.2;2017-07-19 00:00:00
1526;0.0;0.0;0.0;2017-09-12 00:00:00
1527;0.0;-45.0;-45.0;2016-03-01 00:00:00
1528;0.0;3124.98;3124.98;2016-03-01 00:00:00
1529;0.0;10734.97;10734.97;2016-03-01 00:00:00
1531;0.0;4260.0;4260.0;2016-03-01 00:00:00
1532;13100.4;2062.1;15162.5;2016-10-11 00:00:00
1598;0.0;13188.3;13188.3;2016-03-01 00:00:00
1910;0.0;0.0;0.0;2016-03-01 00:00:00
1997;0.0;0.0;0.0;2016-03-01 00:00:00
2000;0.0;44368.73;44368.73;2016-06-13 00:00:00
2001;0.0;846.01;846.01;2016-03-01 00:00:00
2002;11742.04;-0.2;11741.84;2017-04-17 00:00:00
2003;0.0;0.0;0.0;2016-03-01 00:00:00
2004;2565.84;-837.4;1728.44;2019-03-01 00:00:00
2005;0.0;0.0;0.0;2016-03-01 00:00:00
2006;0.0;0.0;0.0;2016-03-01 00:00:00
2008;0.0;0.0;0.0;2016-03-01 00:00:00
2010;9677448.45;1553065.05;11230513.5;2026-01-09 00:00:00
2011;-6581006.88;12641549.47;6060542.59;2026-02-06 00:00:00
2013;0.0;9.91;9.91;2016-03-01 00:00:00
2015;0.0;0.0;0.0;2016-03-01 00:00:00
2016;0.0;911.99;911.99;2016-03-01 00:00:00
2020;1680366473.1399999;92385113.3;1772751586.44;2026-02-04 00:00:00
2021;0.0;880714.98;880714.98;2016-03-01 00:00:00
2022;-52.28;-116.76;-169.04;2018-04-23 00:00:00
2040;0.0;-0.2;-0.2;2016-03-01 00:00:00
2057;50205.0;0.0;50205.0;2016-12-15 00:00:00
2063;3420.14;0.0;3420.14;2016-04-05 00:00:00
2064;0.0;0.0;0.0;2016-05-10 00:00:00
2065;101.16;0.0;101.16;2017-08-28 00:00:00
2066;10067274.84;-3922830.62;6144444.22;2026-01-15 00:00:00
2067;0.0;0.0;0.0;2016-04-19 00:00:00
2068;0.0;0.0;0.0;2016-04-19 00:00:00
2069;-49.63;0.0;-49.63;2025-10-21 00:00:00
2070;0.0;-50.0;-50.0;2018-01-18 00:00:00
2071;2496.17;0.0;2496.17;2016-05-11 00:00:00
2072;0.0;0.0;0.0;2016-05-12 00:00:00
2073;0.0;0.0;0.0;2018-04-17 00:00:00
2074;-106212.79000000001;0.0;-106212.79;2016-05-18 00:00:00
2075;0.0;5137.25;5137.25;2019-02-08 00:00:00
2076;0.0;0.0;0.0;2016-06-09 00:00:00
2077;-105.44;0.0;-105.44;2024-06-26 00:00:00
2078;1.71;0.0;1.71;2018-09-25 00:00:00
2079;0.0;0.0;0.0;2018-11-27 00:00:00
2080;30042.12;0.0;30042.12;2016-06-10 00:00:00
2081;0.0;0.0;0.0;2017-04-28 00:00:00
2082;0.0;0.0;0.0;2019-07-12 00:00:00
2083;2726.65;0.0;2726.65;2016-06-27 00:00:00
2084;0.0;-58.0;-58.0;2016-10-17 00:00:00
2085;0.0;0.0;0.0;2021-01-21 00:00:00
2086;0.0;0.0;0.0;2016-10-25 00:00:00
2087;0.0;0.0;0.0;2019-02-15 00:00:00
2088;0.0;0.0;0.0;2016-11-17 00:00:00
2089;-0.01;0.0;-0.01;2016-11-03 00:00:00
2090;0.0;0.0;0.0;2017-03-31 00:00:00
2091;0.0;-232.0;-232.0;2017-07-31 00:00:00
2092;0.0;125.0;125.0;2025-11-26 00:00:00
2093;0.0;-21.0;-21.0;2022-06-01 00:00:00
2094;-3934.16;-2.0;-3936.16;2025-11-19 00:00:00
2095;-1.36;0.0;-1.36;2022-07-08 00:00:00
2097;0.0;0.0;0.0;2016-09-23 00:00:00
2098;0.0;0.0;0.0;2018-09-25 00:00:00
2099;0.0;0.0;0.0;2017-09-08 00:00:00
2100;0.0;597.08;597.08;2026-01-31 00:00:00
2101;2639.99;0.0;2639.99;2024-09-17 00:00:00
2102;0.0;0.0;0.0;2016-09-30 00:00:00
2103;0.0;0.0;0.0;2016-11-17 00:00:00
2104;0.0;0.0;0.0;2016-11-17 00:00:00
2105;0.0;0.0;0.0;2016-11-17 00:00:00
2106;0.0;0.0;0.0;2016-11-17 00:00:00
2107;0.0;-160.0;-160.0;2026-01-20 00:00:00
2108;-3.06;0.0;-3.06;2017-02-15 00:00:00
2109;0.0;8.0;8.0;2020-05-05 00:00:00
2110;0.0;0.0;0.0;2017-04-28 00:00:00
2111;1799.99;0.0;1799.99;2016-11-15 00:00:00
2112;0.0;14.0;14.0;2017-07-07 00:00:00
2113;0.0;0.0;0.0;2016-12-29 00:00:00
2114;0.0;0.0;0.0;2016-12-29 00:00:00
2115;0.0;0.0;0.0;2017-03-28 00:00:00
2116;0.0;0.0;0.0;2017-03-28 00:00:00
2117;0.0;0.0;0.0;2017-09-28 00:00:00
2118;0.0;0.0;0.0;2016-11-14 00:00:00
2119;0.0;-504.0;-504.0;2018-07-20 00:00:00
2120;-100000.0;109113.8;9113.800000000003;2026-02-06 00:00:00
2121;0.0;0.0;0.0;2019-01-09 00:00:00
2122;0.0;0.0;0.0;2017-03-28 00:00:00
2123;0.0;0.0;0.0;2017-03-28 00:00:00
2124;3.0;0.0;3.0;2019-10-07 00:00:00
2125;466632.39;0.0;466632.39;2020-06-29 00:00:00
2126;0.0;2952.0;2952.0;2017-02-23 00:00:00
2127;0.0;68560.0;68560.0;2026-01-23 00:00:00
2128;103693.72;-1384.2299999999814;102309.49;2026-01-06 00:00:00
2129;0.0;0.0;0.0;2017-03-21 00:00:00
2130;0.0;10154.0;10154.0;2019-08-01 00:00:00
2131;0.0;0.0;0.0;2017-03-23 00:00:00
2132;0.0;0.0;0.0;2017-03-30 00:00:00
2133;0.0;0.0;0.0;2017-04-28 00:00:00
2134;0.0;0.0;0.0;2017-06-01 00:00:00
2135;0.0;0.0;0.0;2017-04-28 00:00:00
2136;0.0;0.0;0.0;2017-03-29 00:00:00
2137;0.0;0.0;0.0;2019-02-18 00:00:00
2138;0.0;609.0;609.0;2022-02-22 00:00:00
2139;0.0;0.0;0.0;2017-04-20 00:00:00
2140;-0.01;0.0;-0.01;2017-09-06 00:00:00
2141;0.0;0.0;0.0;2017-04-25 00:00:00
2142;0.0;0.0;0.0;2017-05-29 00:00:00
2143;0.0;-25.75;-25.75;2019-01-10 00:00:00
2144;457694.98;0.0;457694.98;2026-01-19 00:00:00
2145;-5185.79;0.0;-5185.79;2020-07-23 00:00:00
2146;-12238.04;0.0;-12238.04;2020-09-16 00:00:00
2147;0.0;0.0;0.0;2018-01-23 00:00:00
2148;0.0;0.0;0.0;2017-05-29 00:00:00
2149;1348.9;0.0;1348.9;2019-11-14 00:00:00
2150;0.0;977.0;977.0;2022-06-30 00:00:00
2151;-59.9;0.0;-59.9;2018-10-29 00:00:00
2152;0.0;-33.75;-33.75;2020-06-25 00:00:00
2153;0.0;0.0;0.0;2022-10-06 00:00:00
2154;-7041.84;7734.76;692.9200000000001;2018-08-14 00:00:00
2155;0.0;22.0;22.0;2019-07-19 00:00:00
2156;0.0;0.0;0.0;2017-06-05 00:00:00
2157;0.03;0.0;0.03;2017-09-06 00:00:00
2158;0.0;0.0;0.0;2017-09-21 00:00:00
2159;8699.98;0.0;8699.98;2017-06-07 00:00:00
2160;0.01;0.0;0.01;2024-05-21 00:00:00
2161;0.0;0.0;0.0;2021-05-19 00:00:00
2162;0.0;0.0;0.0;2017-10-03 00:00:00
2163;0.0;0.0;0.0;2017-06-26 00:00:00
2164;100.86;0.0;100.86;2017-12-14 00:00:00
2165;0.0;0.0;0.0;2017-07-12 00:00:00
2166;0.0;759.0;759.0;2017-12-06 00:00:00
2167;0.0;0.0;0.0;2018-02-21 00:00:00
2168;0.0;0.0;0.0;2017-07-10 00:00:00
2169;0.0;0.0;0.0;2017-07-10 00:00:00
2170;0.0;0.0;0.0;2017-07-19 00:00:00
2171;0.0;0.0;0.0;2017-09-21 00:00:00
2172;0.0;-163.0;-163.0;2022-07-13 00:00:00
2173;0.0;0.0;0.0;2017-07-25 00:00:00
2174;0.0;0.0;0.0;2017-10-03 00:00:00
2175;1968.99;0.0;1968.99;2022-03-31 00:00:00
2176;0.0;0.0;0.0;2017-08-09 00:00:00
2177;0.0;0.0;0.0;2017-08-28 00:00:00
2178;0.0;0.0;0.0;2018-04-19 00:00:00
2179;0.0;3.0;3.0;2019-12-31 00:00:00
2180;0.0;-1.0;-1.0;2018-07-31 00:00:00
2181;0.0;0.0;0.0;2019-02-28 00:00:00
2182;12009399.08;-2995200.0;9014199.08;2026-01-29 00:00:00
2183;6374.23;0.0;6374.23;2021-03-18 00:00:00
2184;4277.92;-8265.0;-3987.08;2023-09-07 00:00:00
2185;-1616.0;1613.25;-2.75;2018-05-30 00:00:00
2186;0.0;0.0;0.0;2017-10-03 00:00:00
2187;0.0;0.0;0.0;2018-03-29 00:00:00
2188;0.0;0.0;0.0;2017-10-06 00:00:00
2189;0.0;0.0;0.0;2017-10-30 00:00:00
2190;0.0;0.0;0.0;2017-11-02 00:00:00
2191;50293.01;0.0;50293.01;2018-06-12 00:00:00
2192;0.0;0.0;0.0;2020-01-07 00:00:00
2193;45171426.080000006;0.0;45171426.08;2021-05-05 00:00:00
2194;0.0;0.0;0.0;2019-12-24 00:00:00
2195;0.0;-196.0;-196.0;2026-01-29 00:00:00
2196;0.0;0.0;0.0;2017-11-22 00:00:00
2197;0.0;0.0;0.0;2025-12-16 00:00:00
2198;-9178.02;9625.0;446.98;2022-07-05 00:00:00
2199;0.0;503.0;503.0;2023-06-28 00:00:00
2200;0.0;1863.99;1863.99;2016-03-01 00:00:00
2201;0.0;0.0;0.0;2017-12-11 00:00:00
2202;0.0;0.0;0.0;2019-03-27 00:00:00
2203;0.0;0.0;0.0;2018-10-12 00:00:00
2204;0.0;0.0;0.0;2018-01-23 00:00:00
2205;0.01;0.0;0.01;2023-08-31 00:00:00
2206;-1.43;0.0;-1.43;2024-08-29 00:00:00
2207;7203227.25;0.0;7203227.25;2025-09-30 00:00:00
2208;7247517.140000001;0.0;7247517.14;2025-01-31 00:00:00
2209;5383214.51;0.0;5383214.51;2025-09-30 00:00:00
2210;0.0;0.0;0.0;2018-11-23 00:00:00
2211;0.0;0.0;0.0;2018-02-28 00:00:00
2212;0.0;-1.0;-1.0;2018-01-22 00:00:00
2213;0.0;0.0;0.0;2019-06-06 00:00:00
2214;-5.2;-32.0;-37.2;2019-01-09 00:00:00
2215;0.0;0.0;0.0;2018-07-03 00:00:00
2216;0.0;0.0;0.0;2020-07-27 00:00:00
2217;9057.99;-1.0;9056.99;2018-03-28 00:00:00
2218;0.0;126200.0;126200.0;2024-11-28 00:00:00
2219;0.0;392940.0;392940.0;2023-05-29 00:00:00
2220;0.0;70870.0;70870.0;2023-05-09 00:00:00
2221;-17465.0;17465.0;0.0;2023-08-30 00:00:00
2222;0.0;0.0;0.0;2018-03-29 00:00:00
2223;0.0;0.0;0.0;2018-03-29 00:00:00
2224;3763848.82;0.0;3763848.82;2026-01-21 00:00:00
2225;0.0;-18.0;-18.0;2018-07-23 00:00:00
2226;-996.5;225.5;-771.0;2026-01-28 00:00:00
2227;1960.0;0.0;1960.0;2021-03-07 00:00:00
2228;-1.0;0.0;-1.0;2018-04-09 00:00:00
2229;7379.98;0.0;7379.98;2018-04-05 00:00:00
2230;3062.5;-3062.5;0.0;2018-07-03 00:00:00
2231;0.0;0.0;0.0;2018-07-03 00:00:00
2232;5918.63;0.0;5918.63;2018-04-17 00:00:00
2233;0.0;0.0;0.0;2018-07-03 00:00:00
2234;0.0;0.0;0.0;2019-09-30 00:00:00
2235;-78.4;0.0;-78.4;2018-07-16 00:00:00
2236;0.0;0.0;0.0;2018-07-03 00:00:00
2237;-5000.0;103592.5;98592.5;2025-11-12 00:00:00
2238;983017.3;0.0;983017.3;2026-02-05 00:00:00
2239;0.0;0.0;0.0;2018-06-27 00:00:00
2240;556875.41;0.0;556875.41;2023-10-18 00:00:00
2241;0.0;-2.0;-2.0;2018-05-31 00:00:00
2242;112010.28;0.0;112010.28;2024-10-31 00:00:00
2243;8879.73;0.0;8879.73;2018-07-17 00:00:00
2244;0.0;0.0;0.0;2018-06-07 00:00:00
2245;76049.82;0.0;76049.82;2025-07-29 00:00:00
2246;0.0;0.0;0.0;2018-06-13 00:00:00
2247;0.0;51940.0;51940.0;2023-05-29 00:00:00
2248;1389901.26;0.0;1389901.26;2025-10-27 00:00:00
2249;2399.38;0.0;2399.38;2018-06-28 00:00:00
2250;0.0;0.0;0.0;2018-11-23 00:00:00
2251;0.0;0.0;0.0;2019-07-23 00:00:00
2252;0.0;2074.0;2074.0;2020-02-12 00:00:00
2253;0.0;0.0;0.0;2018-07-13 00:00:00
2254;0.0;0.0;0.0;2018-09-11 00:00:00
2255;-8000.0;7583.52;-416.48;2023-09-28 00:00:00
2256;0.0;0.0;0.0;2018-08-17 00:00:00
2257;185515502.6;0.0;185515502.6;2025-12-01 00:00:00
2258;0.0;300930.5;300930.5;2026-02-05 00:00:00
2259;10915.7;0.0;10915.7;2018-08-22 00:00:00
2260;4501.2;0.0;4501.2;2018-08-22 00:00:00
2261;3300.0;0.0;3300.0;2018-08-27 00:00:00
2262;41049.86;0.0;41049.86;2020-05-26 00:00:00
2263;3300.0;0.0;3300.0;2018-09-28 00:00:00
2264;0.0;-7.0;-7.0;2019-04-05 00:00:00
2265;0.0;0.0;0.0;2018-11-21 00:00:00
2266;-117480.73;0.0;-117480.73;2020-08-21 00:00:00
2267;-1450.19;0.0;-1450.19;2024-10-31 00:00:00
2268;0.0;0.0;0.0;2020-01-24 00:00:00
2269;113578.52000000002;0.0;113578.52;2020-04-30 00:00:00
2270;6136828.350000001;0.0;6136828.35;2026-02-05 00:00:00
2271;0.0;0.0;0.0;2021-04-07 00:00:00
2272;3500.0;0.0;3500.0;2018-10-30 00:00:00
2273;0.0;-1122.5;-1122.5;2026-02-05 00:00:00
2274;135441.46;0.0;135441.46;2019-11-27 00:00:00
2275;0.0;0.0;0.0;2019-05-07 00:00:00
2276;0.0;0.0;0.0;2018-12-10 00:00:00
2277;3300.0;0.0;3300.0;2018-12-10 00:00:00
2278;0.0;0.0;0.0;2019-01-24 00:00:00
2279;0.0;0.0;0.0;2018-12-12 00:00:00
2280;0.0;0.0;0.0;2018-12-31 00:00:00
2281;0.0;0.0;0.0;2019-01-25 00:00:00
2282;0.0;35.0;35.0;2024-06-05 00:00:00
2283;0.0;0.0;0.0;2021-11-30 00:00:00
2284;7871.5;0.0;7871.5;2019-01-22 00:00:00
2285;0.0;0.0;0.0;2019-01-25 00:00:00
2286;0.0;-2.0;-2.0;2021-05-11 00:00:00
2287;0.0;0.0;0.0;2019-04-26 00:00:00
2288;3395.45;0.0;3395.45;2019-02-11 00:00:00
2289;3400.0;0.0;3400.0;2019-02-11 00:00:00
2290;3498.34;0.0;3498.34;2019-02-11 00:00:00
2291;20064.02;0.0;20064.02;2019-02-12 00:00:00
2292;0.0;0.0;0.0;2019-08-21 00:00:00
2293;3300.0;0.0;3300.0;2019-02-20 00:00:00
2294;0.0;0.0;0.0;2019-03-29 00:00:00
2295;0.0;0.0;0.0;2019-03-29 00:00:00
2296;8300.0;0.0;8300.0;2019-03-14 00:00:00
2297;4848.26;0.0;4848.26;2021-02-24 00:00:00
2298;20719.99;0.0;20719.99;2019-03-22 00:00:00
2299;11616.14;0.0;11616.14;2019-09-02 00:00:00
2300;0.0;308455.0;308455.0;2025-10-03 00:00:00
2301;10810.63;0.0;10810.63;2019-08-12 00:00:00
2302;0.0;0.0;0.0;2019-04-09 00:00:00
2303;9223.12;0.0;9223.12;2019-04-25 00:00:00
2304;0.0;0.0;0.0;2019-05-08 00:00:00
2305;0.0;0.0;0.0;2019-12-02 00:00:00
2307;21899.97;0.0;21899.97;2019-05-10 00:00:00
2308;1453322.59;0.0;1453322.59;2025-07-15 00:00:00
2309;0.0;233.0;233.0;2019-08-29 00:00:00
2310;0.0;0.0;0.0;2019-11-15 00:00:00
2311;0.0;0.0;0.0;2019-10-29 00:00:00
2312;0.0;251.81;251.81;2021-03-31 00:00:00
2313;0.0;0.0;0.0;2019-06-11 00:00:00
2314;0.0;0.0;0.0;2019-07-23 00:00:00
2315;4865939.83;-2550406.92;2315532.91;2026-01-30 00:00:00
2316;12492.45;0.0;12492.45;2019-07-11 00:00:00
2317;0.0;0.0;0.0;2019-07-12 00:00:00
2318;0.0;0.0;0.0;2019-07-16 00:00:00
2319;0.0;0.0;0.0;2020-01-07 00:00:00
2320;-145894.81;0.0;-145894.81;2020-11-18 00:00:00
2321;3270.0;0.0;3270.0;2019-08-09 00:00:00
2322;0.0;0.0;0.0;2019-08-09 00:00:00
2323;0.0;0.0;0.0;2019-08-21 00:00:00
2324;4081.97;0.0;4081.97;2019-08-23 00:00:00
2325;8318.52;0.0;8318.52;2019-09-26 00:00:00
2326;0.0;0.0;0.0;2019-10-29 00:00:00
2327;0.0;0.0;0.0;2019-10-29 00:00:00
2328;0.0;0.0;0.0;2019-09-30 00:00:00
2329;0.0;0.0;0.0;2024-11-12 00:00:00
2330;0.0;0.0;0.0;2019-10-28 00:00:00
2331;0.0;0.0;0.0;2019-10-18 00:00:00
2332;0.0;0.0;0.0;2019-10-18 00:00:00
2333;284625.36;0.0;284625.36;2021-03-17 00:00:00
2334;13996.86;1757678.0;1771674.86;2026-01-31 00:00:00
2335;0.0;0.0;0.0;2019-11-07 00:00:00
2336;5900.0;0.0;5900.0;2019-11-12 00:00:00
2337;11829.25;0.0;11829.25;2019-11-28 00:00:00
2338;0.0;0.0;0.0;2019-12-09 00:00:00
2339;0.0;0.0;0.0;2020-01-30 00:00:00
2340;43.0;0.0;43.0;2021-06-23 00:00:00
2341;0.0;0.0;0.0;2019-12-30 00:00:00
2342;0.0;0.0;0.0;2020-01-30 00:00:00
2343;0.0;0.0;0.0;2024-10-08 00:00:00
2344;18923.04;145363.0;164286.04;2025-01-27 00:00:00
2345;11199.99;0.0;11199.99;2020-05-05 00:00:00
2346;288913.64999999997;0.0;288913.65;2020-06-19 00:00:00
2347;0.0;0.0;0.0;2021-09-30 00:00:00
2348;325045.62;0.0;325045.62;2026-01-07 00:00:00
2349;-593.81;0.0;-593.81;2024-02-29 00:00:00
2350;5900.0;0.0;5900.0;2020-02-21 00:00:00
2351;0.0;0.0;0.0;2020-03-11 00:00:00
2352;0.0;0.0;0.0;2020-03-16 00:00:00
2353;0.0;0.0;0.0;2021-06-15 00:00:00
2354;22233.23999999999;0.0;22233.24;2020-04-21 00:00:00
2355;34421.45;0.0;34421.45;2020-06-22 00:00:00
2356;0.0;0.0;0.0;2022-05-17 00:00:00
2357;11564635.39;0.0;11564635.39;2026-01-29 00:00:00
2358;0.0;0.0;0.0;2026-01-28 00:00:00
2359;0.0;-4.0;-4.0;2020-04-22 00:00:00
2360;5489.86;0.0;5489.86;2022-02-25 00:00:00
2361;19422.0;0.0;19422.0;2021-02-11 00:00:00
2362;0.0;-93.0;-93.0;2026-02-05 00:00:00
2363;0.0;0.0;0.0;2020-06-09 00:00:00
2364;0.0;0.0;0.0;2021-11-11 00:00:00
2365;0.0;0.0;0.0;2020-07-23 00:00:00
2366;0.0;-8.75;-8.75;2021-01-27 00:00:00
2367;44149.18000000001;0.0;44149.18;2020-05-29 00:00:00
2368;194399.99;0.0;194399.99;2025-03-28 00:00:00
2369;0.0;0.0;0.0;2020-06-04 00:00:00
2370;0.0;85136.0;85136.0;2026-01-23 00:00:00
2371;0.0;-1240.0;-1240.0;2026-01-31 00:00:00
2372;13.37;-13.37;0.0;2020-10-07 00:00:00
2373;0.0;11.75;11.75;2022-04-25 00:00:00
2374;0.0;0.0;0.0;2020-12-28 00:00:00
2375;157624.16;2112.2300000000105;159736.39;2026-02-03 00:00:00
2376;0.0;0.0;0.0;2021-08-30 00:00:00
2377;5630.0;0.0;5630.0;2020-06-30 00:00:00
2378;0.0;0.0;0.0;2020-07-30 00:00:00
2379;0.0;-25.0;-25.0;2020-07-01 00:00:00
2380;0.0;0.0;0.0;2020-07-08 00:00:00
2381;0.0;0.0;0.0;2020-07-08 00:00:00
2382;42369.61;213027.5;255397.11;2026-02-06 00:00:00
2383;0.0;0.0;0.0;2020-07-30 00:00:00
2384;0.0;0.0;0.0;2020-12-22 00:00:00
2385;24538695.3;2360036.0;26898731.3;2024-11-12 00:00:00
2386;0.0;0.0;0.0;2020-09-30 00:00:00
2387;-4.0;0.0;-4.0;2020-07-20 00:00:00
2388;0.0;338742.5;338742.5;2025-10-31 00:00:00
2389;0.0;0.0;0.0;2020-10-20 00:00:00
2390;0.0;6.0;6.0;2020-09-11 00:00:00
2391;0.0;0.0;0.0;2020-12-22 00:00:00
2392;0.0;0.0;0.0;2020-10-26 00:00:00
2393;291499.9;0.0;291499.9;2026-02-04 00:00:00
2394;0.0;0.0;0.0;2024-08-01 00:00:00
2395;19284.43;0.0;19284.43;2020-08-21 00:00:00
2396;-843.0;0.0;-843.0;2021-05-04 00:00:00
2397;346499.98;0.0;346499.98;2024-07-30 00:00:00
2398;0.0;0.0;0.0;2021-11-25 00:00:00
2399;0.0;97.5;97.5;2020-09-07 00:00:00
2400;0.0;0.0;0.0;2020-09-07 00:00:00
2401;41301.65;0.0;41301.65;2020-09-10 00:00:00
2402;6469.99;0.0;6469.99;2020-09-10 00:00:00
2403;0.0;0.0;0.0;2020-10-06 00:00:00
2404;0.0;0.0;0.0;2020-12-28 00:00:00
2405;0.0;0.0;0.0;2021-06-16 00:00:00
2406;0.0;0.0;0.0;2021-01-13 00:00:00
2407;9575.0;0.0;9575.0;2020-10-30 00:00:00
2408;0.0;19356.0;19356.0;2022-11-11 00:00:00
2409;0.0;0.0;0.0;2020-11-09 00:00:00
2410;83264.13;0.0;83264.13;2020-11-18 00:00:00
2411;15599.16;0.0;15599.16;2020-11-27 00:00:00
2412;23499.99;0.0;23499.99;2020-11-30 00:00:00
2413;14462.8;0.0;14462.8;2020-12-01 00:00:00
2414;0.0;0.0;0.0;2021-03-15 00:00:00
2415;0.0;0.0;0.0;2020-12-10 00:00:00
2416;0.0;0.0;0.0;2021-01-07 00:00:00
2417;38327.26;0.0;38327.26;2021-01-07 00:00:00
2418;0.0;0.0;0.0;2021-01-18 00:00:00
2419;0.0;0.0;0.0;2021-01-15 00:00:00
2420;0.0;0.0;0.0;2022-11-03 00:00:00
2421;26105.39;0.0;26105.39;2021-01-19 00:00:00
2422;0.0;0.0;0.0;2021-02-01 00:00:00
2423;0.0;0.0;0.0;2021-03-11 00:00:00
2424;0.0;0.0;0.0;2021-03-11 00:00:00
2425;0.0;0.0;0.0;2021-02-01 00:00:00
2426;0.0;0.0;0.0;2021-03-15 00:00:00
2427;0.0;0.0;0.0;2021-02-09 00:00:00
2428;0.0;-5.0;-5.0;2021-02-10 00:00:00
2429;0.0;0.0;0.0;2021-02-11 00:00:00
2430;614703.6;0.0;614703.6;2021-03-05 00:00:00
2431;0.0;0.0;0.0;2022-06-28 00:00:00
2432;8143491.53;161331.0;8304822.53;2022-12-27 00:00:00
2433;0.0;91.0;91.0;2026-01-14 00:00:00
2434;0.0;102799.0;102799.0;2026-01-29 00:00:00
2435;0.0;0.0;0.0;2022-01-17 00:00:00
2436;0.0;-18.0;-18.0;2023-06-08 00:00:00
2437;0.0;0.0;0.0;2023-07-05 00:00:00
2438;8780.0;0.0;8780.0;2021-03-19 00:00:00
2439;1808768.7;212659.98;2021428.68;2026-02-05 00:00:00
2440;0.0;0.0;0.0;2021-03-23 00:00:00
2441;0.0;-2.0;-2.0;2021-04-21 00:00:00
2442;0.0;-1999.5;-1999.5;2025-03-31 00:00:00
2443;0.0;0.0;0.0;2021-04-15 00:00:00
2444;177675.5;0.0;177675.5;2021-04-14 00:00:00
2445;0.0;160559.97;160559.97;2026-02-05 00:00:00
2446;0.0;66.0;66.0;2025-09-29 00:00:00
2447;0.0;30126.0;30126.0;2026-01-30 00:00:00
2448;0.0;2.0;2.0;2021-04-26 00:00:00
2449;0.0;-1244.0;-1244.0;2026-01-30 00:00:00
2450;137003.06;-136773.06;230.0;2025-04-07 00:00:00
2451;0.0;-85.0;-85.0;2025-12-11 00:00:00
2452;0.0;-6.0;-6.0;2024-07-31 00:00:00
2453;0.0;40.0;40.0;2024-03-20 00:00:00
2454;0.0;0.0;0.0;2025-12-11 00:00:00
2455;0.0;32.0;32.0;2026-01-08 00:00:00
2456;0.0;4.0;4.0;2025-10-16 00:00:00
2457;0.0;-81.0;-81.0;2026-01-29 00:00:00
2458;0.0;93352.0;93352.0;2026-02-03 00:00:00
2459;198791.96;0.0;198791.96;2023-08-08 00:00:00
2460;241266.27;32020.69;273286.96;2026-01-29 00:00:00
2461;12094.95;0.0;12094.95;2021-04-27 00:00:00
2462;10059.17;0.0;10059.17;2021-04-27 00:00:00
2463;11579.99;0.0;11579.99;2021-04-28 00:00:00
2464;0.0;-496.0;-496.0;2025-12-22 00:00:00
2465;0.0;-8.0;-8.0;2022-08-29 00:00:00
2466;0.0;0.0;0.0;2021-05-11 00:00:00
2467;0.0;-52.0;-52.0;2023-02-22 00:00:00
2468;0.0;-6.0;-6.0;2025-04-22 00:00:00
2469;0.0;-128.0;-128.0;2023-12-14 00:00:00
2470;0.0;0.0;0.0;2024-11-20 00:00:00
2471;0.0;3.75;3.75;2023-06-26 00:00:00
2472;0.0;0.0;0.0;2021-05-19 00:00:00
2473;0.0;0.0;0.0;2021-05-19 00:00:00
2474;0.0;0.0;0.0;2021-05-17 00:00:00
2475;0.0;2.0;2.0;2023-03-09 00:00:00
2476;0.0;-40485.0;-40485.0;2026-01-30 00:00:00
2477;0.0;0.0;0.0;2024-02-14 00:00:00
2478;0.0;2.0;2.0;2021-12-20 00:00:00
2479;0.0;2.0;2.0;2022-03-02 00:00:00
2480;80282.53;0.0;80282.53;2023-02-24 00:00:00
2481;0.0;0.0;0.0;2021-06-10 00:00:00
2482;10340.0;0.0;10340.0;2021-06-11 00:00:00
2483;24500.0;0.0;24500.0;2021-06-11 00:00:00
2484;0.0;153235.0;153235.0;2026-01-08 00:00:00
2485;314849.99;0.0;314849.99;2025-06-13 00:00:00
2486;0.0;0.0;0.0;2023-07-04 00:00:00
2487;0.0;-2707.0;-2707.0;2026-01-30 00:00:00
2488;0.0;0.0;0.0;2021-06-29 00:00:00
2489;0.0;0.0;0.0;2021-09-30 00:00:00
2490;0.0;728.0;728.0;2025-11-29 00:00:00
2491;-0.03;0.0;-0.03;2025-08-06 00:00:00
2492;0.0;0.0;0.0;2021-07-28 00:00:00
2493;0.0;-83.0;-83.0;2026-01-14 00:00:00
2494;0.0;0.0;0.0;2022-08-08 00:00:00
2495;-12.54;0.0;-12.54;2025-10-06 00:00:00
2496;0.0;0.0;0.0;2025-01-21 00:00:00
2497;0.0;0.0;0.0;2021-08-18 00:00:00
2498;0.0;12.0;12.0;2022-04-13 00:00:00
2499;-6091.3399999999965;6091.34;0.0;2025-01-14 00:00:00
2500;0.0;0.0;0.0;2021-12-15 00:00:00
2501;199.19;0.0;199.19;2025-11-20 00:00:00
2502;0.0;0.0;0.0;2021-11-04 00:00:00
2503;0.0;0.0;0.0;2021-11-25 00:00:00
2504;0.0;0.0;0.0;2022-08-17 00:00:00
2505;0.0;0.0;0.0;2021-10-12 00:00:00
2506;0.0;0.0;0.0;2021-10-12 00:00:00
2507;0.0;0.0;0.0;2021-10-18 00:00:00
2508;0.0;31818.5;31818.5;2025-12-16 00:00:00
2509;0.0;0.0;0.0;2022-10-04 00:00:00
2510;0.0;0.0;0.0;2021-12-15 00:00:00
2511;279793.44;0.0;279793.44;2021-12-15 00:00:00
2512;1.0;-1.0;0.0;2025-03-17 00:00:00
2513;0.0;16630.0;16630.0;2023-08-15 00:00:00
2514;0.0;0.0;0.0;2021-11-17 00:00:00
2515;0.0;3714.25;3714.25;2024-01-16 00:00:00
2516;0.0;0.0;0.0;2021-12-16 00:00:00
2517;2134311.0399999996;-3612.0;2130699.04;2026-02-04 00:00:00
2518;10985.98;-112.25;10873.73;2026-01-29 00:00:00
2520;154349.99;0.0;154349.99;2025-09-24 00:00:00
2521;0.0;0.0;0.0;2022-01-05 00:00:00
2522;-14000.0;13937.5;-62.5;2024-04-30 00:00:00
2523;507850.56;0.0;507850.56;2022-01-05 00:00:00
2524;14199.99;0.0;14199.99;2022-01-17 00:00:00
2525;14211.73;0.0;14211.73;2022-01-19 00:00:00
2526;0.0;0.0;0.0;2022-03-04 00:00:00
2527;1148.02;0.0;1148.02;2022-04-11 00:00:00
2528;36300.0;0.0;36300.0;2022-02-17 00:00:00
2529;0.0;0.0;0.0;2022-04-29 00:00:00
2530;0.0;305950.5;305950.5;2026-01-23 00:00:00
2531;0.0;0.0;0.0;2022-03-07 00:00:00
2532;0.0;0.0;0.0;2022-03-10 00:00:00
2533;0.0;621.0;621.0;2026-01-20 00:00:00
2534;0.0;0.0;0.0;2022-03-29 00:00:00
2535;0.0;0.0;0.0;2022-11-17 00:00:00
2536;-193000.0;371578.75;178578.75;2026-01-26 00:00:00
2537;0.0;0.0;0.0;2022-03-31 00:00:00
2538;0.0;76.0;76.0;2025-10-31 00:00:00
2539;41300.0;0.0;41300.0;2023-06-09 00:00:00
2540;0.0;0.0;0.0;2023-09-18 00:00:00
2541;0.0;0.0;0.0;2022-04-18 00:00:00
2542;15.51;-42.5;-26.99;2025-01-16 00:00:00
2543;0.0;0.0;0.0;2022-04-26 00:00:00
2544;0.0;0.0;0.0;2022-04-26 00:00:00
2545;0.0;0.0;0.0;2022-04-25 00:00:00
2546;0.0;1439.5;1439.5;2024-05-06 00:00:00
2547;0.0;0.0;0.0;2022-05-17 00:00:00
2548;0.0;65600.0;65600.0;2024-04-29 00:00:00
2549;0.0;183328.75;183328.75;2026-01-29 00:00:00
2550;356493.23;0.0;356493.23;2022-05-12 00:00:00
2551;131000.0;0.0;131000.0;2025-08-22 00:00:00
2552;0.0;-8966.75;-8966.75;2024-07-03 00:00:00
2553;0.0;0.0;0.0;2023-05-03 00:00:00
2554;-70061.94;0.0;-70061.94;2026-01-31 00:00:00
2555;0.0;0.0;0.0;2022-12-06 00:00:00
2556;0.0;0.0;0.0;2025-11-27 00:00:00
2557;0.0;-0.5;-0.5;2022-10-04 00:00:00
2558;0.0;0.0;0.0;2022-08-03 00:00:00
2559;0.0;0.0;0.0;2022-06-23 00:00:00
2560;0.0;0.0;0.0;2022-06-23 00:00:00
2561;0.0;0.0;0.0;2023-05-05 00:00:00
2562;0.0;0.0;0.0;2022-06-28 00:00:00
2563;0.0;0.0;0.0;2024-09-10 00:00:00
2564;0.0;0.0;0.0;2022-06-30 00:00:00
2565;0.0;0.0;0.0;2024-04-23 00:00:00
2566;0.0;186875.5;186875.5;2026-01-07 00:00:00
2567;0.0;-320.5;-320.5;2024-03-06 00:00:00
2568;189350.0;0.0;189350.0;2025-04-07 00:00:00
2569;0.0;0.0;0.0;2022-08-08 00:00:00
2570;898597.44;0.0;898597.44;2025-08-12 00:00:00
2571;0.0;759039.0;759039.0;2026-01-30 00:00:00
2572;102424.7;0.0;102424.7;2022-08-26 00:00:00
2573;0.0;0.0;0.0;2022-09-08 00:00:00
2574;0.0;0.0;0.0;2025-01-20 00:00:00
2575;14619.99;0.0;14619.99;2026-01-31 00:00:00
2576;0.0;-387.5;-387.5;2026-01-29 00:00:00
2577;0.0;0.0;0.0;2022-10-18 00:00:00
2578;38531.81;0.0;38531.81;2022-10-21 00:00:00
2579;0.0;0.0;0.0;2022-12-22 00:00:00
2580;0.0;0.0;0.0;2022-10-24 00:00:00
2581;21878.99;0.0;21878.99;2022-10-25 00:00:00
2582;0.0;0.0;0.0;2022-10-28 00:00:00
2583;7499.99;0.0;7499.99;2022-10-31 00:00:00
2584;0.0;-1212.5;-1212.5;2025-10-08 00:00:00
2585;0.0;0.0;0.0;2024-04-25 00:00:00
2586;0.0;0.0;0.0;2022-12-01 00:00:00
2587;0.0;0.0;0.0;2023-05-05 00:00:00
2588;42400.07000000001;0.0;42400.07;2026-02-03 00:00:00
2589;0.0;0.0;0.0;2022-11-10 00:00:00
2590;0.0;-20.5;-20.5;2026-02-04 00:00:00
2591;0.0;0.0;0.0;2022-11-23 00:00:00
2592;356899.98;0.0;356899.98;2025-07-24 00:00:00
2593;0.0;0.0;0.0;2024-05-08 00:00:00
2594;0.0;0.0;0.0;2022-12-22 00:00:00
2595;0.0;0.0;0.0;2022-12-19 00:00:00
2596;0.0;0.0;0.0;2022-12-22 00:00:00
2597;0.0;0.0;0.0;2022-12-22 00:00:00
2598;0.0;-40760.0;-40760.0;2024-12-30 00:00:00
2599;25910.0;0.0;25910.0;2023-01-04 00:00:00
2600;51819.99;0.0;51819.99;2023-01-06 00:00:00
2601;0.0;0.0;0.0;2023-01-19 00:00:00
2602;0.0;0.0;0.0;2023-02-06 00:00:00
2603;0.0;0.0;0.0;2023-05-05 00:00:00
2604;28500.11;0.0;28500.11;2023-02-23 00:00:00
2605;24129.9;0.0;24129.9;2023-02-28 00:00:00
2606;-381875.0;381875.0;0.0;2026-01-28 00:00:00
2607;0.0;-12.0;-12.0;2026-01-08 00:00:00
2608;-937920.62;0.0;-937920.62;2026-01-20 00:00:00
2609;0.0;0.0;0.0;2023-03-20 00:00:00
2610;25240.0;0.0;25240.0;2023-03-22 00:00:00
2611;109227.47;0.0;109227.47;2023-03-23 00:00:00
2612;0.0;0.0;0.0;2023-05-08 00:00:00
2613;0.0;64.0;64.0;2025-07-14 00:00:00
2614;28020.0;0.0;28020.0;2023-04-13 00:00:00
2615;0.0;238549.5;238549.5;2025-12-23 00:00:00
2616;34999.99;0.0;34999.99;2023-04-20 00:00:00
2617;0.0;207460.0;207460.0;2026-01-07 00:00:00
2618;0.0;0.0;0.0;2023-06-27 00:00:00
2619;379999.99;0.0;379999.99;2025-07-07 00:00:00
2620;0.0;0.0;0.0;2024-06-19 00:00:00
2621;0.0;0.0;0.0;2023-05-10 00:00:00
2622;31380.0;0.0;31380.0;2023-05-11 00:00:00
2623;0.0;0.0;0.0;2023-05-19 00:00:00
2624;0.0;0.0;0.0;2023-05-24 00:00:00
2625;37549.99;0.0;37549.99;2023-05-22 00:00:00
2626;0.0;0.0;0.0;2023-06-01 00:00:00
2627;0.0;0.0;0.0;2023-07-14 00:00:00
2628;0.0;0.0;0.0;2023-06-12 00:00:00
2629;41300.0;0.0;41300.0;2023-06-27 00:00:00
2630;0.0;0.0;0.0;2025-01-20 00:00:00
2631;-18.0;0.0;-18.0;2025-11-19 00:00:00
2632;575679.98;0.0;575679.98;2024-10-24 00:00:00
2633;0.0;7.0;7.0;2025-10-31 00:00:00
2634;44050.0;0.0;44050.0;2026-01-14 00:00:00
2635;0.0;0.0;0.0;2023-07-20 00:00:00
2636;122499.99;0.0;122499.99;2023-07-25 00:00:00
2637;37280.0;0.0;37280.0;2023-07-25 00:00:00
2638;0.0;0.0;0.0;2024-04-25 00:00:00
2639;44600.0;0.0;44600.0;2023-07-28 00:00:00
2640;0.0;0.0;0.0;2024-04-25 00:00:00
2641;0.0;26.0;26.0;2025-12-30 00:00:00
2642;0.0;-445.0;-445.0;2025-01-13 00:00:00
2643;556600.0;0.0;556600.0;2026-02-03 00:00:00
2644;0.0;0.0;0.0;2023-10-23 00:00:00
2645;0.0;0.0;0.0;2025-12-17 00:00:00
2646;-3611605.2;3611608.0;2.8;2025-09-18 00:00:00
2647;0.0;0.0;0.0;2023-08-28 00:00:00
2648;-25.01;62632.5;62607.49;2025-12-15 00:00:00
2649;7959.99;0.0;7959.99;2025-11-28 00:00:00
2650;52489.99;0.0;52489.99;2025-08-26 00:00:00
2651;0.0;-7.0;-7.0;2025-12-22 00:00:00
2652;62149.99;0.0;62149.99;2023-09-08 00:00:00
2653;43936.28;0.0;43936.28;2023-09-08 00:00:00
2654;164999.98;0.0;164999.98;2023-09-20 00:00:00
2655;0.0;0.0;0.0;2023-09-22 00:00:00
2656;-0.02;0.0;-0.02;2024-06-29 00:00:00
2657;-226815.84999999998;0.0;-226815.85;2023-10-03 00:00:00
2658;43900.0;0.0;43900.0;2023-10-04 00:00:00
2659;92780.84;0.0;92780.84;2023-10-09 00:00:00
2660;0.0;0.0;0.0;2025-09-12 00:00:00
2661;0.0;0.0;0.0;2023-11-30 00:00:00
2662;0.0;0.0;0.0;2024-12-27 00:00:00
2663;62920.0;0.0;62920.0;2023-12-01 00:00:00
2664;171375.19;0.0;171375.19;2024-03-04 00:00:00
2665;0.0;0.0;0.0;2024-04-25 00:00:00
2666;117467.0;0.0;117467.0;2023-12-21 00:00:00
2667;0.0;41.5;41.5;2026-01-08 00:00:00
2668;-0.61;0.0;-0.61;2024-03-06 00:00:00
2669;0.0;9724.0;9724.0;2026-01-31 00:00:00
2670;0.0;0.0;0.0;2024-04-23 00:00:00
2671;98049.99;0.0;98049.99;2024-02-26 00:00:00
2672;227600.0;0.0;227600.0;2024-03-08 00:00:00
2673;0.0;0.0;0.0;2024-03-13 00:00:00
2674;98499.99;-98499.99;0.0;2024-03-22 00:00:00
2675;0.0;0.0;0.0;2024-03-22 00:00:00
2676;0.0;0.0;0.0;2024-03-27 00:00:00
2677;0.0;196867.5;196867.5;2025-12-15 00:00:00
2678;0.0;0.0;0.0;2024-04-04 00:00:00
2679;305275.0;-305400.0;-125.0;2025-10-20 00:00:00
2680;227600.0;0.0;227600.0;2024-04-11 00:00:00
2681;0.0;93576.0;93576.0;2026-02-05 00:00:00
2682;0.0;1880.0;1880.0;2025-01-15 00:00:00
2683;0.0;0.0;0.0;2024-04-25 00:00:00
2684;0.0;0.0;0.0;2024-10-30 00:00:00
2685;0.0;0.0;0.0;2024-07-16 00:00:00
2686;219150.0;0.0;219150.0;2024-05-13 00:00:00
2687;105000.0;0.0;105000.0;2024-05-22 00:00:00
2688;0.0;0.0;0.0;2024-06-06 00:00:00
2689;4518577.11;0.0;4518577.11;2026-01-15 00:00:00
2690;0.0;0.0;0.0;2024-06-12 00:00:00
2691;-106150.0;112114.0;5964.0;2026-02-03 00:00:00
2692;96500.0;0.0;96500.0;2024-07-04 00:00:00
2693;115499.99;0.0;115499.99;2024-07-16 00:00:00
2694;0.0;0.0;0.0;2024-07-29 00:00:00
2695;83330165.05;0.0;83330165.05;2025-03-12 00:00:00
2696;0.0;0.0;0.0;2025-05-05 00:00:00
2697;267849.99;0.0;267849.99;2024-08-01 00:00:00
2698;0.0;0.0;0.0;2024-08-14 00:00:00
2699;192399.99;0.0;192399.99;2024-08-15 00:00:00
2700;0.0;151480.0;151480.0;2024-12-30 00:00:00
2701;0.0;0.0;0.0;2025-09-01 00:00:00
2702;0.0;0.0;0.0;2025-01-20 00:00:00
2703;0.0;0.0;0.0;2024-10-24 00:00:00
2704;0.0;0.0;0.0;2025-04-01 00:00:00
2705;-5.4;0.0;-5.4;2024-09-23 00:00:00
2706;122449.99;0.0;122449.99;2024-09-18 00:00:00
2707;1564160.97;0.0;1564160.97;2025-12-29 00:00:00
2708;2440389.9;0.0;2440389.9;2026-02-04 00:00:00
2709;-2.04;0.0;-2.04;2024-10-18 00:00:00
2710;0.0;-3947.5;-3947.5;2025-07-04 00:00:00
2711;0.0;0.0;0.0;2024-10-07 00:00:00
2712;0.0;-300.0;-300.0;2024-11-08 00:00:00
2713;0.0;0.0;0.0;2024-12-02 00:00:00
2714;110000.0;0.0;110000.0;2024-10-29 00:00:00
2715;0.0;0.0;0.0;2024-12-09 00:00:00
2716;0.0;80897.0;80897.0;2026-02-06 00:00:00
2717;0.0;0.0;0.0;2025-05-30 00:00:00
2718;122449.99;0.0;122449.99;2024-11-11 00:00:00
2719;-0.01;0.0;-0.01;2026-01-06 00:00:00
2720;-49.01;0.0;-49.01;2026-01-07 00:00:00
2721;0.0;0.0;0.0;2025-08-28 00:00:00
2722;0.0;0.0;0.0;2025-05-13 00:00:00
2723;0.0;0.0;0.0;2025-04-01 00:00:00
2724;0.0;0.0;0.0;2025-04-01 00:00:00
2725;-0.01;0.0;-0.01;2025-01-08 00:00:00
2726;0.0;0.0;0.0;2025-01-15 00:00:00
2727;508200.0;0.0;508200.0;2025-01-31 00:00:00
2728;0.0;0.0;0.0;2025-04-01 00:00:00
2729;0.0;0.0;0.0;2025-05-09 00:00:00
2730;132000.0;0.0;132000.0;2025-02-11 00:00:00
2731;0.0;0.0;0.0;2025-04-01 00:00:00
2732;0.0;0.0;0.0;2025-11-13 00:00:00
2733;0.0;0.0;0.0;2025-02-13 00:00:00
2734;0.0;0.0;0.0;2025-02-19 00:00:00
2735;0.0;0.0;0.0;2025-04-01 00:00:00
2736;224749.98;0.0;224749.98;2025-04-01 00:00:00
2737;0.0;0.0;0.0;2025-05-09 00:00:00
2738;0.0;0.0;0.0;2025-04-01 00:00:00
2739;0.0;0.0;0.0;2025-04-07 00:00:00
2740;0.0;0.0;0.0;2025-04-15 00:00:00
2741;180000.0;0.0;180000.0;2025-04-15 00:00:00
2742;102299.99;0.0;102299.99;2025-04-24 00:00:00
2743;122449.99;0.0;122449.99;2025-04-28 00:00:00
2744;552231.97;-552231.97;0.0;2025-05-22 00:00:00
2745;544799.98;0.0;544799.98;2025-12-15 00:00:00
2746;-243787.5;-75.0;-243862.5;2026-01-28 00:00:00
2747;0.0;12688.0;12688.0;2026-01-09 00:00:00
2748;4008559.87;0.0;4008559.87;2025-11-27 00:00:00
2749;102299.99;0.0;102299.99;2025-06-18 00:00:00
2750;0.0;0.0;0.0;2025-06-23 00:00:00
2751;0.0;-40.0;-40.0;2026-01-21 00:00:00
2752;122449.99;0.0;122449.99;2025-06-30 00:00:00
2753;122449.99;0.0;122449.99;2025-07-08 00:00:00
2754;102299.99;0.0;102299.99;2025-07-14 00:00:00
2755;0.0;0.0;0.0;2025-07-28 00:00:00
2756;131000.0;0.0;131000.0;2025-07-30 00:00:00
2757;0.0;0.0;0.0;2025-08-06 00:00:00
2758;0.0;0.0;0.0;2026-01-20 00:00:00
2759;109449.99;0.0;109449.99;2025-08-19 00:00:00
2760;96800.0;0.0;96800.0;2025-11-05 00:00:00
2761;0.0;0.0;0.0;2025-12-29 00:00:00
2762;140149.99;0.0;140149.99;2025-09-30 00:00:00
2763;117110.0;0.0;117110.0;2025-11-14 00:00:00
2764;0.0;-2001.0;-2001.0;2025-12-02 00:00:00
2765;12301235.1;0.0;12301235.1;2025-12-16 00:00:00
2766;0.0;0.0;0.0;2026-01-20 00:00:00
2767;165750.0;0.0;165750.0;2026-01-13 00:00:00
2768;117110.0;0.0;117110.0;2026-01-21 00:00:00
2769;-6000.02;0.0;-6000.02;2026-01-30 00:00:00
3000;0.0;2374.19;2374.19;2016-03-01 00:00:00
3481;0.0;7386.0;7386.0;2019-12-23 00:00:00
4461;0.0;0.0;0.0;2016-03-01 00:00:00
5444;0.0;0.06;0.06;2016-03-01 00:00:00
222420;-507699.98;1541.0;-506158.98;2025-07-07 00:00:00
1055708;-1078220.0;-94.2;-1078314.2;2025-09-30 00:00:00
2245706;-76725.0;178.9;-76546.1;2025-07-08 00:00:00
2689411;-923519.98;650.0;-922869.98;2025-07-21 00:00:00
2752078;0.0;-49981.6;-49981.6;2025-07-24 00:00:00
105570831;-1078220.0;0.0;-1078220.0;2025-10-17 00:00:00
