NroNotaCredito;TipoNotaCredito;FechaNotaCredito;TotalNotaCredito;PorcentajeIVA;SubTotalNotaCredito;TotalIVA;AlicuotaIIBB;ImportePercepIIBB;CodCliente;PorcentajeDesc;ImporteDesc;CodVendedor;FormaPago;UnidadNegocio;Cancelada;CAE;FechaVC;CondicionVenta
1;A;2016-04-12 00:00:00;3689.12;21.0;3041.32;638.68;0.3;9.12;345;0.0;0.0;200;;;False;;;
2;A;2016-04-28 00:00:00;1.21;21.0;1.0;0.21;0.3;0.0;345;0.0;0.0;200;;;False;66173723392261;2016-05-08 00:00:00;Contado
3;A;2016-04-28 00:00:00;3689.12;21.0;3041.32;638.68;0.3;9.12;345;0.0;0.0;200;;;False;66173727294891;2016-05-08 00:00:00;Contado
4;A;2016-04-28 00:00:00;1.21;21.0;1.0;0.21;0.3;0.0;345;0.0;0.0;200;;;False;66173727360963;2016-05-08 00:00:00;Contado
5;A;2016-04-28 00:00:00;0.93;21.0;0.75;0.16;3.5;0.03;816;25.0;0.0;200;;;False;66173727393046;2016-05-08 00:00:00;Contado
6;A;2016-04-28 00:00:00;1263.92;21.0;1041.98;218.82;0.3;3.13;921;20.0;260.49;300;;;False;66173727427554;2016-05-08 00:00:00;Contado
7;A;2016-04-28 00:00:00;3453.32;21.0;2773.75;582.49;3.5;97.08;1062;25.0;924.59;500;;;False;66173727555480;2016-05-08 00:00:00;Contado
8;A;2016-04-28 00:00:00;43506.27;21.0;35029.2;7356.13;3.2;1120.93;138;0.0;0.0;700;;;False;66173727619507;2016-05-08 00:00:00;Contado
9;A;2016-04-28 00:00:00;9704.0;21.0;8000.0;1680.0;0.3;24.0;472;0.0;0.0;100;;;False;66173729115348;2016-05-08 00:00:00;Contado
10;A;2016-04-28 00:00:00;16039.55;21.0;13223.04;2776.84;0.3;39.67;635;0.0;0.0;700;;;False;66173729159200;2016-05-08 00:00:00;Contado
11;A;2016-04-29 00:00:00;8015.14;21.0;6437.86;1351.95;3.5;225.33;1370;0.0;0.0;700;;;False;66183748449687;2016-05-09 00:00:00;Contado
12;A;2016-05-02 00:00:00;60661.4;21.0;50009.4;10501.97;0.3;150.03;2064;0.0;0.0;700;;;False;66183788036308;2016-05-12 00:00:00;Contado
13;A;2016-05-03 00:00:00;10129.0;21.0;8350.37;1753.58;0.3;25.05;921;20.0;2087.59;300;;;False;66183805657230;2016-05-13 00:00:00;Contado
14;A;2016-05-04 00:00:00;5902.59;21.0;4866.11;1021.88;0.3;14.6;921;20.0;0.0;300;;;False;66183831101989;2016-05-14 00:00:00;Contado
15;A;2016-05-04 00:00:00;3579.97;21.0;2958.65;621.32;0.3;0.0;1088;20.0;739.67;300;;;False;66183831998324;2016-05-14 00:00:00;Contado
16;A;2016-05-09 00:00:00;777574.26;21.0;634754.5;133298.45;1.5;9521.32;1051;0.0;0.0;700;;;False;66193906179231;2016-05-19 00:00:00;Contado
17;A;2016-05-12 00:00:00;1075.29;21.0;869.27;182.55;2.7;23.47;818;20.0;0.0;400;;;False;66193971150639;2016-05-22 00:00:00;Contado
18;A;2016-05-23 00:00:00;6909.34;21.0;5483.6;1151.56;5.0;274.18;1230;20.0;1370.9;200;;;False;66213131280071;2016-06-02 00:00:00;Contado
19;A;2016-05-24 00:00:00;3679.42;21.0;2955.36;620.63;3.5;103.44;32;25.0;985.13;200;;;False;66213162742124;2016-06-03 00:00:00;Contado
20;A;2016-06-01 00:00:00;110999.99;21.0;91735.53;19264.46;0.0;0.0;780;0.0;0.0;700;;;False;66223319792436;2016-06-11 00:00:00;Contado
21;A;2016-06-09 00:00:00;1263.92;21.0;1041.98;218.82;0.3;3.13;921;20.0;0.0;300;;;False;66233461909798;2016-06-19 00:00:00;Contado
22;A;2016-06-09 00:00:00;3689.12;21.0;3041.32;638.68;0.3;9.12;345;0.0;0.0;200;;;False;66233461933550;2016-06-19 00:00:00;Contado
23;A;2016-06-29 00:00:00;4852.0;21.0;4000.0;840.0;0.3;12.0;472;0.0;0.0;100;;;False;66263775854039;2016-07-09 00:00:00;Contado
24;A;2016-07-06 00:00:00;11434.59;21.0;9334.36;1960.22;1.5;140.02;918;0.0;0.0;400;;;False;66273926201659;2016-07-16 00:00:00;Contado
25;A;2016-07-14 00:00:00;146551.44;21.0;117712.0;24719.52;3.5;4119.92;2010;0.0;0.0;100;;;False;66283046567465;2016-07-24 00:00:00;Contado
26;A;2016-08-02 00:00:00;2814.5;21.0;2326.03;488.47;0.0;0.0;544;0.0;0.0;300;;;False;66313376342646;2016-08-12 00:00:00;Contado
27;A;2016-08-04 00:00:00;42738.36;21.0;34328.0;7208.88;3.5;1201.48;2010;0.0;0.0;100;;;False;66313444659872;2016-08-14 00:00:00;Contado
28;A;2016-08-23 00:00:00;20049.58;21.0;16528.92;3471.07;0.3;49.59;2087;0.0;0.0;600;;;False;66343728593151;2016-09-02 00:00:00;Contado
29;A;2016-08-23 00:00:00;40654.91;21.0;33516.0;7038.36;0.3;100.55;2087;0.0;0.0;600;;;False;66343736786357;2016-09-02 00:00:00;Contado
30;A;2016-08-25 00:00:00;28114.55;21.0;23177.7;4867.32;0.3;69.53;345;0.0;0.0;200;;;False;66343785994958;2016-09-04 00:00:00;Contado
31;A;2016-08-29 00:00:00;1152.4;21.0;925.62;194.38;3.5;32.4;81;20.0;231.4;500;;;False;66353835876056;2016-09-08 00:00:00;Contado
32;A;2016-08-30 00:00:00;203.97;21.0;168.15;35.31;0.3;0.5;635;0.0;0.0;700;;;False;66353863251218;2016-09-09 00:00:00;Contado
33;A;2016-10-18 00:00:00;3948.35;21.0;3223.14;676.86;1.5;48.35;1210;0.0;0.0;400;;;False;66423724343769;2016-10-28 00:00:00;Contado
34;A;2016-10-19 00:00:00;3092.72;21.0;2454.54;515.45;5.0;122.73;1045;25.0;818.18;400;;;False;66423731220757;2016-10-29 00:00:00;Contado
35;A;2016-10-27 00:00:00;10275.34;21.0;8471.01;1778.91;0.3;25.41;635;0.0;0.0;700;;;False;66433901296205;2016-11-06 00:00:00;Contado
36;A;2016-11-03 00:00:00;4852.0;21.0;4000.0;840.0;0.3;12.0;472;0.0;0.0;100;;;False;66443040106655;2016-11-13 00:00:00;Contado
37;A;2016-11-04 00:00:00;5000.0;21.0;4132.23;867.77;3.5;0.0;305;30.0;0.0;200;;;False;66453064483646;2016-11-14 00:00:00;Contado
38;A;2016-11-17 00:00:00;300990.0;21.0;237000.0;49770.0;6.0;14220.0;881;0.0;0.0;700;;;False;66463276454191;2016-11-27 00:00:00;Contado
39;A;2016-11-18 00:00:00;1448.72;21.0;1163.63;244.36;3.5;40.73;130;20.0;290.91;300;;;False;66473291470120;2016-11-28 00:00:00;Contado
40;A;2016-11-29 00:00:00;4522.11;21.0;3632.22;762.77;3.5;127.13;387;25.0;1210.74;500;;;False;66483481096963;2016-12-09 00:00:00;Contado
41;A;2016-12-05 00:00:00;5337.2;21.0;4400.0;924.0;0.3;13.2;472;0.0;0.0;100;;;False;66493613474539;2016-12-15 00:00:00;Contado
42;A;2016-12-16 00:00:00;77792.4;21.0;63504.0;13335.84;1.5;952.56;2020;0.0;0.0;700;;;False;66513825294539;2016-12-26 00:00:00;Contado
43;A;2017-01-06 00:00:00;4730.7;21.0;3900.0;819.0;0.3;11.7;472;0.0;0.0;100;;;False;67013221898012;2017-01-16 00:00:00;Contado
44;A;2017-01-11 00:00:00;16268.25;21.0;12911.31;2711.38;5.0;645.57;1209;35.0;6952.25;300;;;False;67023299117653;2017-01-21 00:00:00;Contado
45;A;2017-01-11 00:00:00;4599.24;21.0;3650.19;766.54;5.0;182.51;1209;35.0;1965.49;300;;;False;67023299402766;2017-01-21 00:00:00;Contado
46;A;2017-01-19 00:00:00;53372.0;21.0;44000.0;9240.0;0.3;132.0;1040;0.0;0.0;700;;;False;67033433492624;2017-01-29 00:00:00;Contado
47;A;2017-02-09 00:00:00;137799.09;21.0;110682.0;23243.22;3.5;3873.87;2010;0.0;0.0;100;;;False;67063851698855;2017-02-19 00:00:00;Contado
48;A;2017-03-06 00:00:00;3542.07;21.0;2845.04;597.46;3.5;99.58;352;25.0;0.0;200;;;False;67103289628153;2017-03-16 00:00:00;Contado
49;A;2017-03-07 00:00:00;5631.47;21.0;4469.42;938.58;5.0;223.47;1088;20.0;1117.34;300;;;False;67103327182830;2017-03-17 00:00:00;Contado
50;A;2017-03-09 00:00:00;1288.72;21.0;1035.12;217.38;3.5;36.23;387;25.0;0.0;500;;;False;67103371886989;2017-03-19 00:00:00;Contado
51;A;2017-03-29 00:00:00;58709.2;21.0;48400.0;10164.0;0.3;145.2;1040;0.0;0.0;700;;;False;67133734259528;2017-04-08 00:00:00;Contado
52;A;2017-03-29 00:00:00;8579.99;21.0;7090.9;1489.09;0.0;0.0;2136;0.0;0.0;600;;;False;67133736466650;2017-04-08 00:00:00;Contado
53;A;2017-04-03 00:00:00;11256.64;21.0;9280.0;1948.8;0.3;27.84;1055;20.0;0.0;200;;;False;67143837629475;2017-04-13 00:00:00;Contado
54;A;2017-04-04 00:00:00;1232.0;21.0;1018.18;213.82;0.0;0.0;2044;20.0;254.54;200;;;False;67143865256926;2017-04-14 00:00:00;Contado
55;A;2017-04-07 00:00:00;115.06;21.0;91.32;19.18;5.0;4.57;1209;35.0;0.0;300;;;False;67143956432954;2017-04-17 00:00:00;Contado
56;A;2017-04-11 00:00:00;3839.0;21.0;3133.88;658.11;1.5;47.01;2124;0.0;0.0;300;;;False;67153997116028;2017-04-21 00:00:00;Contado
57;A;2017-04-27 00:00:00;6495.54;21.0;5302.48;1113.52;1.5;79.54;1210;0.0;0.0;400;;;False;67173364069756;2017-05-07 00:00:00;Contado
58;A;2017-04-27 00:00:00;8311.83;21.0;6596.69;1385.3;5.0;329.83;1209;35.0;3552.06;300;;;False;67173377720744;2017-05-07 00:00:00;Contado
59;A;2017-05-03 00:00:00;72736.7;21.0;59964.3;12592.5;0.3;179.89;1040;0.0;471.07;700;;;False;67183467147580;2017-05-13 00:00:00;Contado
60;A;2017-05-17 00:00:00;8491.0;21.0;7000.0;1470.0;0.3;21.0;472;0.0;0.0;100;;;False;67203744438405;2017-05-27 00:00:00;Contado
61;A;2017-05-17 00:00:00;8491.0;21.0;7000.0;1470.0;0.3;21.0;472;0.0;0.0;100;;;False;67203744841268;2017-05-27 00:00:00;Contado
62;A;2017-05-31 00:00:00;1456.27;21.0;1203.53;252.74;0.0;0.0;547;0.0;0.0;100;;;False;67223028149934;2017-06-10 00:00:00;Contado
63;A;2017-05-31 00:00:00;2550.62;21.0;2048.69;430.22;3.5;71.7;1370;0.0;0.0;700;;;False;67223037618386;2017-06-10 00:00:00;Contado
64;A;2017-06-06 00:00:00;2237.91;21.0;1797.52;377.48;3.5;62.91;681;25.0;599.17;300;;;False;67233156494435;2017-06-16 00:00:00;Contado
65;A;2017-06-06 00:00:00;1840.0;21.0;1520.66;319.34;0.0;0.0;2157;0.0;0.0;200;;;False;67233158803958;2017-06-16 00:00:00;Contado
66;A;2017-06-07 00:00:00;62161.64;21.0;51246.2;10761.7;0.3;153.74;1103;0.0;0.0;500;;;False;67233180205604;2017-06-17 00:00:00;Contado
67;A;2017-07-12 00:00:00;13283.47;21.0;10950.92;2299.69;0.3;32.85;472;0.0;0.0;100;;;False;67283892626691;2017-07-22 00:00:00;Contado
68;A;2017-07-19 00:00:00;263501.7;21.0;217770.0;45731.7;0.0;0.0;881;0.0;0.0;700;;;False;67293046637404;2017-07-29 00:00:00;Contado
69;A;2017-08-02 00:00:00;8230.07;21.0;6610.5;1388.21;3.5;231.37;352;25.0;0.0;200;;;False;67313347626891;2017-08-12 00:00:00;Contado
70;A;2017-08-08 00:00:00;1697.72;21.0;1363.63;286.36;3.5;47.73;1370;0.0;0.0;700;;;False;67323460464122;2017-08-18 00:00:00;Contado
71;A;2017-08-31 00:00:00;4657.5;21.0;3849.17;808.33;0.0;0.0;2182;25.0;1283.06;300;;;False;67353937135996;2017-09-10 00:00:00;Contado
72;A;2017-09-05 00:00:00;5111.7;21.0;4105.78;862.21;3.5;143.7;378;20.0;1026.44;100;;;False;67363046222922;2017-09-15 00:00:00;Contado
73;A;2017-09-12 00:00:00;9381.08;21.0;7535.0;1582.35;3.5;263.73;2154;0.0;0.0;400;;;False;67373176882898;2017-09-22 00:00:00;Contado
74;A;2017-09-22 00:00:00;33340.76;21.0;27486.2;5772.1;0.3;82.46;1040;0.0;0.0;700;;;False;67383438630810;2017-10-02 00:00:00;Contado
75;A;2017-09-26 00:00:00;15086.99;21.0;12437.75;2611.93;0.3;37.31;2184;0.0;0.0;400;;;False;67393492703287;2017-10-06 00:00:00;Contado
76;A;2017-10-03 00:00:00;18479.99;21.0;15272.72;3207.27;0.3;0.0;2184;0.0;0.0;400;;;False;67403652050571;2017-10-13 00:00:00;Contado
77;A;2017-10-03 00:00:00;1868.0;21.0;1543.8;324.2;0.0;0.0;2078;20.0;385.95;300;;;False;67403660796479;2017-10-13 00:00:00;Contado
78;A;2017-10-13 00:00:00;11563.82;21.0;9288.21;1950.52;3.5;325.09;32;25.0;3096.07;200;;;False;67413874202931;2017-10-23 00:00:00;Contado
79;A;2017-10-19 00:00:00;6199.99;21.0;5123.96;1076.03;0.0;0.0;327;20.0;1280.99;300;;;False;67423982499688;2017-10-29 00:00:00;Contado
80;A;2017-10-31 00:00:00;265533.6;21.0;213280.0;44788.8;3.5;7464.8;2010;0.0;0.0;100;;;False;67443274377015;2017-11-10 00:00:00;Contado
81;A;2017-10-31 00:00:00;423500.0;21.0;350000.0;73500.0;0.0;0.0;881;0.0;0.0;700;;;False;67443275024164;2017-11-10 00:00:00;Contado
82;A;2017-11-22 00:00:00;1358.17;21.0;1090.9;229.09;3.5;38.18;433;20.0;272.73;100;;;False;67473734837614;2017-12-02 00:00:00;Contado
83;A;2017-11-22 00:00:00;1121582.56;21.0;915577.6;192271.3;1.5;13733.66;2020;0.0;0.0;700;;;False;67473751577939;2017-12-02 00:00:00;Contado
84;A;2017-11-30 00:00:00;312656.85;21.0;251130.0;52737.3;3.5;8789.55;2010;0.0;0.0;100;;;False;67483976331535;2017-12-11 00:00:00;Contado
85;A;2017-11-30 00:00:00;39096.62;21.0;32231.34;6768.58;0.3;96.69;611;20.0;8057.83;200;;;False;67483976899345;2017-12-11 00:00:00;Contado
88;A;2017-12-12 00:00:00;5136.37;21.0;4125.6;866.38;3.5;144.4;509;20.0;1031.41;100;;;False;67503180336792;2017-12-22 00:00:00;Contado
89;A;2017-12-13 00:00:00;36674.81;21.0;30234.8;6349.31;0.3;90.7;1040;0.0;0.0;700;;;False;67503216621279;2017-12-23 00:00:00;Contado
90;A;2017-12-26 00:00:00;6148.0;21.0;5080.99;1067.01;0.0;0.0;2078;20.0;1270.24;300;;;False;67523489850419;2018-01-05 00:00:00;Contado
91;A;2017-12-26 00:00:00;10080.0;21.0;8330.58;1749.42;0.0;0.0;547;0.0;0.0;100;;;False;67523532236749;2018-01-05 00:00:00;Contado
92;A;2018-01-04 00:00:00;363827.84;21.0;292231.2;61368.55;3.5;10228.09;2010;0.0;0.0;100;;;False;68013753078877;2018-01-14 00:00:00;Contado
93;A;2018-01-08 00:00:00;1374.53;21.0;1090.9;229.09;5.0;54.55;2205;0.0;0.0;200;;;False;68023800317603;2018-01-18 00:00:00;Contado
94;A;2018-01-16 00:00:00;22004.89;21.0;18140.88;3809.58;0.3;54.42;1040;0.0;0.0;700;;;False;68033964726793;2018-01-26 00:00:00;Contado
95;A;2018-01-22 00:00:00;3247.98;21.0;2677.64;562.3;0.3;8.03;2184;20.0;0.0;400;;;False;68043082523403;2018-02-01 00:00:00;Contado
96;A;2018-01-31 00:00:00;9583.96;21.0;7760.29;1629.66;2.5;194.01;759;0.0;0.0;400;;;False;68053302789401;2018-02-10 00:00:00;Contado
97;A;2018-03-01 00:00:00;4700.87;21.0;3881.81;815.18;0.1;3.88;539;30.0;1663.63;700;;;False;68093942641120;2018-03-11 00:00:00;Contado
98;A;2018-03-06 00:00:00;8034.37;21.0;6558.67;1377.32;1.5;98.38;2073;20.0;1639.67;400;;;False;68103039398371;2018-03-16 00:00:00;Contado
99;A;2018-03-07 00:00:00;5000.0;21.0;4132.23;867.77;0.0;0.0;547;0.0;0.0;100;;;False;68103069401170;2018-03-17 00:00:00;Contado
100;A;2018-03-13 00:00:00;64000.0;21.0;52892.56;11107.44;0.0;0.0;2197;20.0;0.0;600;;;False;68113190158700;2018-03-23 00:00:00;Contado
101;A;2018-03-16 00:00:00;8272.48;21.0;6836.76;1435.72;0.0;0.0;1069;25.0;2278.92;300;;;False;68113275909036;2018-03-26 00:00:00;Contado
102;A;2018-03-27 00:00:00;393161.04;21.0;315792.0;66316.32;3.5;11052.72;2010;0.0;0.0;100;;;False;68133554483900;2018-04-06 00:00:00;Contado
103;A;2018-03-29 00:00:00;29359.44;21.0;24264.0;5095.44;0.0;0.0;948;0.0;2696.0;200;;;False;68133601994329;2018-04-08 00:00:00;Contado
104;A;2018-04-04 00:00:00;3239.65;21.0;2591.72;544.26;4.0;103.67;684;20.0;0.0;300;;;False;68143700465047;2018-04-14 00:00:00;Contado
105;A;2018-04-09 00:00:00;12263.43;21.0;10110.0;2123.1;0.3;30.33;472;0.0;0.0;100;;;False;68153788940356;2018-04-19 00:00:00;Contado
106;A;2018-04-11 00:00:00;5918.63;21.0;4879.33;1024.66;0.3;14.64;921;20.0;1219.83;300;;;False;68153842355266;2018-04-21 00:00:00;Contado
107;A;2018-04-11 00:00:00;4544.33;21.0;3606.61;757.39;5.0;180.33;945;20.0;901.65;300;;;False;68153842384989;2018-04-21 00:00:00;Contado
108;A;2018-04-16 00:00:00;5115.54;21.0;4142.14;869.85;2.5;103.55;24;20.0;1035.53;500;;;False;68163948376703;2018-04-26 00:00:00;Contado
109;A;2018-04-17 00:00:00;5977.18;21.0;4879.33;1024.66;1.5;73.19;2073;20.0;1219.83;400;;;False;68163988328938;2018-04-27 00:00:00;Contado
110;A;2018-04-19 00:00:00;29622.76;21.0;23947.26;5028.92;2.7;646.58;352;25.0;7982.43;200;;;False;68163027764961;2018-04-29 00:00:00;Contado
111;A;2018-04-23 00:00:00;6087.59;21.0;4793.38;1006.61;6.0;287.6;997;20.0;1198.34;300;;;False;68173101446904;2018-05-03 00:00:00;Contado
112;A;2018-04-30 00:00:00;4192.33;21.0;3422.31;718.69;1.5;51.33;2149;25.0;0.0;400;;;False;68183305157826;2018-05-10 00:00:00;Contado
113;A;2018-05-09 00:00:00;572895.75;21.0;467670.0;98210.7;1.5;7015.05;2020;0.0;0.0;700;;;False;68193507315560;2018-05-19 00:00:00;Contado
114;A;2018-05-31 00:00:00;3614.76;21.0;2846.27;597.72;6.0;170.78;1205;20.0;711.57;500;;;False;68223033917817;2018-06-10 00:00:00;Contado
115;A;2018-06-08 00:00:00;2583.2;21.0;2132.23;447.77;0.15;3.2;2206;0.0;0.0;200;;;False;68233230655181;2018-06-18 00:00:00;Contado
116;A;2018-06-15 00:00:00;48541.96;21.0;39241.68;8240.75;2.7;1059.53;352;25.0;16386.34;200;;;False;68243367271731;2018-06-25 00:00:00;Contado
117;A;2018-06-18 00:00:00;4298.57;21.0;3411.56;716.43;5.0;170.58;790;20.0;0.0;400;;;False;68253418568527;2018-06-28 00:00:00;Contado
118;A;2018-07-03 00:00:00;11023.97;21.0;9110.72;1913.25;0.0;0.0;2245;20.0;0.0;300;;;False;68273799787591;2018-07-13 00:00:00;Contado
119;A;2018-07-05 00:00:00;16309.45;21.0;13099.96;2750.99;3.5;458.5;618;0.0;0.0;100;;;False;68273873463438;2018-07-15 00:00:00;Contado
120;A;2018-07-19 00:00:00;1297637.6;21.0;1059296.0;222452.16;1.5;15889.44;2020;0.0;0.0;700;;;False;68293169251488;2018-07-29 00:00:00;Contado
121;A;2018-07-20 00:00:00;44617.49;21.0;36873.96;7743.53;0.0;0.0;1040;0.0;0.0;700;;;False;68293220766431;2018-07-30 00:00:00;Contado
122;A;2018-07-26 00:00:00;15300.0;21.0;12240.0;2570.4;4.0;489.6;2128;25.0;4080.0;300;;;False;68303348079561;2018-08-05 00:00:00;Contado
123;A;2018-07-31 00:00:00;1866162.09;21.0;1542282.72;323879.37;0.0;0.0;881;0.0;0.0;700;;;False;68313479156737;2018-08-10 00:00:00;Contado
124;A;2018-08-01 00:00:00;6473.01;21.0;5342.97;1122.02;0.15;8.01;2206;20.0;0.0;200;;;False;68313493421291;2018-08-11 00:00:00;Contado
125;A;2018-08-01 00:00:00;39649.05;21.0;32727.24;6872.72;0.15;49.09;2206;20.0;0.0;200;;;False;68313494183754;2018-08-11 00:00:00;Contado
126;A;2018-08-01 00:00:00;77550.95;21.0;64012.34;13442.59;0.15;96.02;2206;20.0;0.0;200;;;False;68313494408798;2018-08-11 00:00:00;Contado
127;A;2018-08-06 00:00:00;18501.52;21.0;15103.28;3171.69;1.5;226.55;1210;0.0;0.0;400;;;False;68323612396839;2018-08-16 00:00:00;Contado
128;A;2018-08-27 00:00:00;59827.85;21.0;49322.22;10357.67;0.3;147.97;2184;20.0;12330.56;400;;;False;68353099445366;2018-09-06 00:00:00;Contado
129;A;2018-08-28 00:00:00;31129.05;21.0;25205.71;5293.2;2.5;630.14;790;20.0;0.0;400;;;False;68353128299327;2018-09-07 00:00:00;Contado
130;A;2018-08-28 00:00:00;62931.15;21.0;50344.92;10572.43;4.0;2013.8;818;25.0;0.0;400;;;False;68353128398056;2018-09-07 00:00:00;Contado
131;A;2018-08-28 00:00:00;66163.69;21.0;52930.95;11115.5;4.0;2117.24;1045;25.0;0.0;400;;;False;68353128465658;2018-09-07 00:00:00;Contado
132;A;2018-10-18 00:00:00;3600.77;21.0;2899.17;608.83;3.2;92.77;2194;20.0;724.79;200;;;False;68423365925196;2018-10-28 00:00:00;Contado
133;A;2018-10-25 00:00:00;21999.92;21.0;18181.75;3818.17;0.0;0.0;547;0.0;0.0;100;;;False;68433555825409;2018-11-04 00:00:00;Contado
134;A;2018-11-15 00:00:00;2245.45;21.0;1818.18;381.82;2.5;45.45;2262;0.0;0.0;600;;;False;68463100159498;2018-11-25 00:00:00;Contado
135;A;2018-11-16 00:00:00;2928.63;21.0;2417.36;507.65;0.15;3.63;2270;25.0;0.0;700;;;False;68463140960202;2018-11-26 00:00:00;Contado
136;A;2018-11-23 00:00:00;5755.48;21.0;4744.83;996.41;0.3;14.23;921;25.0;1581.61;300;;;False;68473302456143;2018-12-03 00:00:00;Contado
137;A;2019-01-09 00:00:00;30702.05;21.0;25062.9;5263.21;1.5;375.94;2125;0.0;0.0;600;;;False;69023490586694;2019-01-19 00:00:00;Contado
138;A;2019-01-09 00:00:00;30702.05;21.0;25062.9;5263.21;1.5;375.94;2121;0.0;0.0;100;;;False;69023490788263;2019-01-19 00:00:00;Contado
139;A;2019-01-09 00:00:00;90486.55;21.0;71814.72;15081.09;5.0;3590.74;171;0.0;17953.69;100;;;False;69023491078437;2019-01-19 00:00:00;Contado
140;A;2019-01-10 00:00:00;12130.0;21.0;10000.0;2100.0;0.3;30.0;472;0.0;0.0;100;;;False;69023512810246;2019-01-20 00:00:00;Contado
141;A;2019-02-06 00:00:00;2864.0;21.0;2366.94;497.06;0.0;0.0;680;20.0;591.73;300;;;False;69063173755853;2019-02-16 00:00:00;Contado
142;A;2019-02-08 00:00:00;228893.25;21.0;183850.0;38608.5;3.5;6434.75;2010;0.0;0.0;100;;;False;69063221728744;2019-02-18 00:00:00;Contado
143;A;2019-02-28 00:00:00;2420454.96;21.0;2000376.0;420078.96;1.5;0.0;2020;0.0;0.0;700;;;False;69093747727230;2019-03-10 00:00:00;Contado
144;A;2019-02-28 00:00:00;2450460.6;21.0;2000376.0;420078.96;1.5;30005.64;2020;0.0;0.0;700;;;False;69093748523018;2019-03-10 00:00:00;Contado
145;A;2019-03-01 00:00:00;4156.84;21.0;3338.83;701.15;3.5;116.86;130;20.0;0.0;300;;;False;69093792775186;2019-03-11 00:00:00;Contado
146;A;2019-03-01 00:00:00;4156.84;21.0;3338.83;701.15;3.5;116.86;130;20.0;0.0;300;;;False;69093792933660;2019-03-11 00:00:00;Contado
147;A;2019-03-01 00:00:00;2798.67;21.0;2247.93;472.07;3.5;78.68;130;20.0;0.0;300;;;False;69093793257507;2019-03-11 00:00:00;Contado
148;A;2019-03-14 00:00:00;20099.89;21.0;16611.48;3488.41;0.0;0.0;547;0.0;0.0;100;;;False;69113061982529;2019-03-24 00:00:00;Contado
149;A;2019-03-14 00:00:00;20099.89;21.0;16611.48;3488.41;0.0;0.0;547;;;100;;;False;69113062150730;2019-03-24 00:00:00;Contado
150;A;2019-03-18 00:00:00;777639.8;21.0;634808.0;133309.68;1.5;9522.12;1051;0.0;0.0;700;;;False;69113151828901;2019-03-28 00:00:00;Contado
151;A;2019-03-22 00:00:00;2475891.6;21.0;2021136.0;424438.56;1.5;30317.04;2020;0.0;0.0;700;;;False;69123317779787;2019-04-01 00:00:00;Contado
152;A;2019-03-27 00:00:00;882000.0;21.0;700000.0;147000.0;5.0;35000.0;2257;0.0;0.0;600;;;False;69133426222008;2019-04-06 00:00:00;Contado
153;A;2019-03-27 00:00:00;3730.88;21.0;2996.69;629.3;3.5;104.88;2160;30.0;1284.3;500;;;False;69133429268151;2019-04-06 00:00:00;Contado
154;A;2019-04-17 00:00:00;12528.37;21.0;10227.24;2147.72;1.5;153.41;387;25.0;3409.08;500;;;False;69163042889525;2019-04-27 00:00:00;Contado
155;A;2019-04-30 00:00:00;777709.63;21.0;634865.0;133321.65;1.5;9522.98;1051;0.0;0.0;700;;;False;69183388057263;2019-05-10 00:00:00;Contado
156;A;2019-06-03 00:00:00;6950.73;21.0;5739.66;1205.33;0.1;5.74;2270;25.0;0.0;700;;;False;69223423757210;2019-06-13 00:00:00;Contado
157;A;2019-06-05 00:00:00;3573.03;21.0;2835.74;595.51;5.0;141.79;632;25.0;945.25;100;;;False;69233519231758;2019-06-15 00:00:00;Contado
158;A;2019-06-07 00:00:00;75399.98;21.0;61300.8;12873.17;2.0;1226.02;2125;0.0;0.0;400;;;False;69233610112696;2019-06-17 00:00:00;Contado
159;A;2019-06-21 00:00:00;3200.79;21.0;2591.73;544.26;2.5;64.79;24;20.0;0.0;500;;;False;69253982474396;2019-07-01 00:00:00;Contado
160;A;2019-06-29 00:00:00;39797.74;21.0;32094.95;6739.94;3.0;962.85;1050;0.0;0.0;700;;;False;69263274522330;2019-07-09 00:00:00;Contado
161;A;2019-07-01 00:00:00;2964.0;21.0;2400.0;504.0;2.5;60.0;24;20.0;0.0;500;;;False;69263307733505;2019-07-11 00:00:00;Contado
162;A;2019-07-10 00:00:00;239282.44;21.0;195173.28;40986.39;1.6;3122.77;2197;20.0;48793.32;600;;;False;69283631658593;2019-07-20 00:00:00;Contado
163;A;2019-07-11 00:00:00;7298.05;21.0;6016.53;1263.47;0.3;18.05;2316;0.0;0.0;600;;;False;69283674546214;2019-07-21 00:00:00;Contado
164;A;2019-07-11 00:00:00;2103.65;21.0;1734.25;364.19;0.3;5.2;2316;0.0;0.0;600;;;False;69283674632531;2019-07-21 00:00:00;Contado
165;A;2019-07-22 00:00:00;3200.79;21.0;2591.73;544.26;2.5;64.79;78;20.0;647.93;100;;;False;69293002795476;2019-08-01 00:00:00;Contado
166;A;2019-07-23 00:00:00;4989.11;21.0;4069.42;854.58;1.6;65.11;1052;20.0;1017.35;700;;;False;69303028299065;2019-08-02 00:00:00;Contado
167;A;2019-07-23 00:00:00;23971.32;21.0;19488.88;4092.66;2.0;389.78;2125;0.0;0.0;400;;;False;69303030194879;2019-08-02 00:00:00;Contado
168;A;2019-08-28 00:00:00;2236458.0;21.0;1825680.0;383392.8;1.5;27385.2;1051;0.0;0.0;700;;;False;69353238082085;2019-09-07 00:00:00;Contado
169;A;2019-09-04 00:00:00;111738.11;21.0;91214.78;19155.1;1.5;1368.22;352;25.0;0.0;200;;;False;69363514513463;2019-09-14 00:00:00;Contado
170;A;2019-09-04 00:00:00;199841.25;21.0;159873.0;33573.33;2.0;6394.92;2010;0.0;0.0;100;;;False;69363539672878;2019-09-14 00:00:00;Contado
171;A;2019-09-04 00:00:00;634948.63;21.0;516218.4;108405.86;2.0;10324.37;2010;0.0;0.0;100;;;False;69363541562150;2019-09-14 00:00:00;Contado
172;A;2019-09-11 00:00:00;6895.98;21.0;5699.16;1196.82;0.0;0.0;327;20.0;0.0;300;;;False;69373784500829;2019-09-21 00:00:00;Contado
173;A;2019-09-24 00:00:00;2065998.17;21.0;1707436.5;358561.67;0.0;0.0;885;0.0;0.0;700;;;False;69393244131102;2019-10-04 00:00:00;Contado
174;A;2019-09-30 00:00:00;141600.96;21.0;116640.0;24494.4;0.4;466.56;345;0.0;0.0;200;;;False;69393491242221;2019-10-10 00:00:00;Contado
175;A;2019-09-30 00:00:00;2846997.51;21.0;2352890.5;494107.01;0.0;0.0;885;0.0;0.0;700;;;False;69393493008176;2019-10-10 00:00:00;Contado
176;A;2019-10-03 00:00:00;3723.99;21.0;3077.68;646.31;0.0;0.0;948;0.0;161.98;200;;;False;69403638575122;2019-10-13 00:00:00;Contado
177;A;2019-10-09 00:00:00;10935.94;21.0;9008.19;1891.72;0.4;36.03;472;0.0;0.0;100;;;False;69413865119592;2019-10-19 00:00:00;Contado
178;A;2019-10-15 00:00:00;36099.16;21.0;28879.33;6064.66;4.0;1155.17;923;20.0;7219.83;300;;;False;69423047967418;2019-10-25 00:00:00;Contado
179;A;2019-10-18 00:00:00;30836.84;21.0;25442.94;5343.02;0.2;50.89;539;30.0;10904.13;700;;;False;69423194940432;2019-10-28 00:00:00;Contado
180;A;2019-10-25 00:00:00;70648.72;21.0;58194.99;12220.95;0.4;232.78;2184;20.0;14548.75;400;;;False;69433475739859;2019-11-04 00:00:00;Contado
181;A;2019-11-06 00:00:00;11975.12;21.0;9504.06;1995.85;5.0;475.2;632;25.0;0.0;100;;;False;69453976267785;2019-11-16 00:00:00;Contado
182;A;2019-11-11 00:00:00;4221.45;21.0;3418.18;717.82;2.5;85.45;78;20.0;0.0;100;;;False;69453177108581;2019-11-21 00:00:00;Contado
183;A;2019-11-11 00:00:00;28962.34;21.0;23933.84;5026.11;0.01;2.39;277;20.0;0.0;200;;;False;69453177376445;2019-11-21 00:00:00;Contado
184;A;2019-11-11 00:00:00;5346.06;21.0;4276.85;898.14;4.0;171.07;816;25.0;0.0;200;;;False;69453177504690;2019-11-21 00:00:00;Contado
185;A;2019-11-12 00:00:00;5936.16;21.0;4806.61;1009.39;2.5;120.17;363;20.0;1201.65;500;;;False;69463208058383;2019-11-22 00:00:00;Contado
186;A;2019-11-14 00:00:00;45600.13;21.0;37561.89;7888.0;0.4;150.25;2184;20.0;0.0;400;;;False;69463297127957;2019-11-24 00:00:00;Contado
187;A;2019-11-14 00:00:00;28826.7;21.0;23061.36;4842.89;4.0;922.45;818;25.0;0.0;400;;;False;69463308316839;2019-11-24 00:00:00;Contado
188;A;2019-11-14 00:00:00;1596410.0;21.0;1315000.0;276150.0;0.4;5260.0;2193;0.0;0.0;600;;;False;69463310178963;2019-11-24 00:00:00;Contado
189;A;2019-11-25 00:00:00;18743.66;21.0;14875.92;3123.94;5.0;743.8;632;25.0;0.0;100;;;False;69473672447021;2019-12-05 00:00:00;Contado
190;A;2019-11-29 00:00:00;2817358.94;21.0;2328395.82;488963.12;0.0;0.0;885;0.0;0.0;700;;;False;69483890655389;2019-12-09 00:00:00;Contado
191;A;2019-11-29 00:00:00;6123.96;21.0;4899.17;1028.83;4.0;195.97;2266;35.0;2638.02;600;;;False;69483891510718;2019-12-09 00:00:00;Contado
192;A;2019-12-03 00:00:00;267660.3;21.0;217610.0;45698.1;2.0;4352.2;2010;0.0;0.0;100;;;False;69493066260603;2019-12-13 00:00:00;Contado
193;A;2019-12-24 00:00:00;5346.06;21.0;4276.85;898.14;4.0;171.07;816;25.0;0.0;200;;;False;69523970151341;2020-01-03 00:00:00;Contado
194;A;2019-12-30 00:00:00;1778700.0;21.0;1470000.0;308700.0;0.2;0.0;2193;0.0;0.0;600;;;False;69523189789177;2020-01-09 00:00:00;Contado
195;A;2019-12-30 00:00:00;4525203.98;21.0;3739838.0;785365.98;0.0;0.0;885;0.0;0.0;700;;;False;69523189965668;2020-01-09 00:00:00;Contado
196;A;2020-01-09 00:00:00;28250.17;21.0;23061.36;4842.89;1.5;345.92;917;0.0;0.0;400;;;False;70023598233795;2020-01-19 00:00:00;Contado
197;A;2020-01-27 00:00:00;18664.33;21.0;15374.24;3228.59;0.4;61.5;472;0.0;0.0;100;;;False;70043235545441;2020-02-06 00:00:00;Contado
198;A;2020-02-10 00:00:00;7871.99;21.0;6505.78;1366.21;0.0;0.0;754;20.0;1626.44;300;;;False;70063840510434;2020-02-20 00:00:00;Contado
199;A;2020-02-10 00:00:00;27490.56;21.0;22644.61;4755.37;0.4;90.58;2346;0.0;0.0;300;;;False;70063853189230;2020-02-20 00:00:00;Contado
200;A;2020-02-10 00:00:00;671025.6;21.0;532560.0;111837.6;5.0;26628.0;2257;0.0;0.0;600;;;False;70063869428204;2020-02-20 00:00:00;Contado
201;A;2020-02-13 00:00:00;45891.02;21.0;36421.45;7648.5;4.0;1821.07;387;25.0;0.0;500;;;False;70073993827595;2020-02-23 00:00:00;Contado
202;A;2020-02-19 00:00:00;7182.33;21.0;5745.86;1206.63;4.0;229.83;387;25.0;1915.29;500;;;False;70083186558336;2020-02-29 00:00:00;Contado
203;A;2020-02-28 00:00:00;1836180.0;21.0;1515000.0;318150.0;0.2;3030.0;2193;0.0;0.0;600;;;False;70093568724749;2020-03-09 00:00:00;Contado
204;A;2020-02-28 00:00:00;3176255.76;21.0;2625004.76;551251.0;0.0;0.0;885;0.0;0.0;700;;;False;70093570017077;2020-03-09 00:00:00;Contado
205;A;2020-03-19 00:00:00;5534.63;21.0;4392.56;922.44;5.0;219.63;2145;0.0;0.0;300;;;False;70123412304547;2020-03-29 00:00:00;Contado
206;A;2020-04-20 00:00:00;33222.36;21.0;26366.95;5537.06;5.0;1318.35;2197;20.0;0.0;600;;;False;70163235311586;2020-04-30 00:00:00;Contado
207;A;2020-04-21 00:00:00;115330.0;21.0;95000.0;19950.0;0.4;380.0;2354;0.0;0.0;400;;;False;70163258196343;2020-05-01 00:00:00;Contado
208;A;2020-04-21 00:00:00;14999.89;21.0;12396.6;2603.29;1.6;0.0;2357;0.0;0.0;700;;;False;70163264849168;2020-05-01 00:00:00;Contado
209;A;2020-04-30 00:00:00;2294110.44;21.0;1895959.04;398151.4;0.0;0.0;885;0.0;0.0;700;;;False;70183544043562;2020-05-10 00:00:00;Contado
210;A;2020-04-30 00:00:00;224524.13;21.0;183285.0;38489.85;1.5;2749.28;2269;35.0;0.0;600;;;False;70183544330339;2020-05-10 00:00:00;Contado
211;A;2020-05-06 00:00:00;10638.76;21.0;8677.62;1822.3;1.6;138.84;2357;0.0;0.0;700;;;False;70193728558324;2020-05-16 00:00:00;Contado
212;A;2020-05-14 00:00:00;9118.94;21.0;7437.96;1561.97;1.6;119.01;2357;0.0;0.0;700;;;False;70203973583389;2020-05-24 00:00:00;Contado
213;A;2020-05-15 00:00:00;44671.97;21.0;36918.98;7752.99;0.0;0.0;834;20.0;9229.74;300;;;False;70203997747656;2020-05-25 00:00:00;Contado
214;A;2020-05-19 00:00:00;7631.71;21.0;6105.37;1282.13;4.0;244.21;816;25.0;2035.12;200;;;False;70203099028441;2020-05-29 00:00:00;Contado
215;A;2020-05-19 00:00:00;21070.0;21.0;17200.0;3612.0;1.6;258.0;918;0.0;0.0;400;;;False;70203111152544;2020-05-29 00:00:00;Contado
216;A;2020-05-19 00:00:00;21070.0;21.0;17200.0;3612.0;1.6;258.0;918;0.0;0.0;400;;;False;70203111249406;2020-05-29 00:00:00;Contado
217;A;2020-05-19 00:00:00;28826.7;21.0;23061.36;4842.89;1.6;922.45;918;0.0;0.0;400;;;False;70203111404521;2020-05-29 00:00:00;Contado
218;A;2020-05-19 00:00:00;60871.57;21.0;49489.08;10392.71;2.0;989.78;2125;0.0;0.0;400;;;False;70203114103616;2020-05-29 00:00:00;Contado
219;A;2020-05-27 00:00:00;12158.59;21.0;9917.28;2082.63;1.6;158.68;2357;0.0;0.0;400;;;False;70223345112529;2020-06-06 00:00:00;Contado
220;A;2020-05-29 00:00:00;6338094.95;21.0;5238095.0;1099999.95;0.0;0.0;885;0.0;0.0;600;;;False;70223438081799;2020-06-08 00:00:00;Contado
221;A;2020-06-01 00:00:00;12148.67;21.0;9917.28;2082.63;1.5;148.76;2357;0.0;0.0;400;;;False;70223515132015;2020-06-11 00:00:00;Contado
222;A;2020-06-03 00:00:00;160741.99;21.0;128593.59;27004.65;4.0;5143.74;2208;0.0;0.0;1000;;;False;70233621538509;2020-06-13 00:00:00;Contado
223;A;2020-06-08 00:00:00;166237.44;21.0;132989.95;27927.89;4.0;5319.6;2208;0.0;0.0;1000;;;False;70233765041090;2020-06-18 00:00:00;Contado
224;A;2020-06-09 00:00:00;10499.99;21.0;8677.68;1822.31;0.0;0.0;2245;25.0;2892.56;300;;;False;70233800212833;2020-06-19 00:00:00;Contado
225;A;2020-06-12 00:00:00;15185.22;21.0;12396.1;2603.18;1.5;185.94;2357;0.0;0.0;400;;;False;70243915755767;2020-06-22 00:00:00;Contado
226;A;2020-06-18 00:00:00;10326.38;21.0;8429.7;1770.24;1.5;126.45;2357;0.0;0.0;400;;;False;70253086734190;2020-06-28 00:00:00;Contado
227;A;2020-06-23 00:00:00;13999.91;21.0;11570.17;2429.74;0.0;0.0;680;20.0;0.0;300;;;False;70253228354978;2020-07-03 00:00:00;Contado
228;A;2020-06-24 00:00:00;46887.1;21.0;36918.98;7752.99;6.0;2215.14;834;20.0;9229.74;300;;;False;70263288312972;2020-07-04 00:00:00;Contado
229;A;2020-06-25 00:00:00;22074.59;21.0;18198.34;3821.65;0.3;54.6;2367;0.0;0.0;600;;;False;70263341913859;2020-07-05 00:00:00;Contado
230;A;2020-06-29 00:00:00;8562129.4;21.0;7076140.0;1485989.4;0.0;0.0;885;0.0;0.0;600;;;False;70263454332875;2020-07-09 00:00:00;Contado
231;A;2020-07-02 00:00:00;12047.45;21.0;9834.65;2065.28;1.5;147.52;2357;0.0;0.0;400;;;False;70273617914319;2020-07-12 00:00:00;Contado
232;A;2020-07-08 00:00:00;5163.19;21.0;4214.85;885.12;1.5;63.22;2357;0.0;0.0;400;;;False;70283829159999;2020-07-18 00:00:00;Contado
233;A;2020-07-13 00:00:00;45534.19;21.0;37140.45;7799.49;1.6;594.25;2238;30.0;0.0;400;;;False;70283943796781;2020-07-23 00:00:00;Contado
234;A;2020-07-21 00:00:00;15489.57;21.0;12644.55;2655.36;1.5;189.67;2357;0.0;0.0;400;;;False;70293222088939;2020-07-31 00:00:00;Contado
235;A;2020-07-21 00:00:00;127110.5;21.0;105050.0;22060.5;0.0;0.0;2365;0.0;0.0;600;;;False;70293244523080;2020-07-31 00:00:00;Contado
236;A;2020-07-23 00:00:00;6508.25;21.0;5165.28;1084.71;5.0;258.26;2145;0.0;0.0;300;;;False;70303336406324;2020-08-02 00:00:00;Contado
237;A;2020-07-27 00:00:00;28273.23;21.0;23061.36;4842.89;1.6;368.98;918;0.0;0.0;400;;;False;70303448593407;2020-08-06 00:00:00;Contado
238;A;2020-07-27 00:00:00;1151087.52;21.0;951312.0;199775.52;0.0;0.0;885;0.0;0.0;600;;;False;70303448780293;2020-08-06 00:00:00;Contado
239;A;2020-07-31 00:00:00;139830.37;21.0;113222.97;23776.82;2.5;2830.57;257;20.0;28305.75;1000;;;False;70313636126463;2020-08-10 00:00:00;Contado
240;A;2020-07-31 00:00:00;12047.45;21.0;9834.65;2065.28;1.5;147.52;2357;0.0;0.0;400;;;False;70313661870254;2020-08-10 00:00:00;Contado
241;A;2020-07-31 00:00:00;1000149.7;21.0;826570.0;173579.7;0.0;0.0;885;0.0;0.0;600;;;False;70313664694423;2020-08-10 00:00:00;Contado
242;A;2020-08-10 00:00:00;11890.65;21.0;9802.68;2058.56;0.3;29.41;2376;25.0;0.0;300;;;False;70323998200973;2020-08-20 00:00:00;Contado
243;A;2020-08-21 00:00:00;19792.2;21.0;16156.9;3392.95;1.5;242.35;2357;0.0;0.0;400;;;False;70343385740644;2020-08-31 00:00:00;Contado
244;A;2020-08-21 00:00:00;2869794.2;21.0;2323720.0;487981.2;2.5;58093.0;2257;0.0;0.0;600;;;False;70343401641499;2020-08-31 00:00:00;Contado
245;A;2020-08-26 00:00:00;10875.83;21.0;8958.67;1881.32;0.4;35.83;611;20.0;2239.67;200;;;False;70353564310451;2020-09-05 00:00:00;Contado
246;A;2020-08-26 00:00:00;125507.58;21.0;100406.06;21085.27;4.0;4016.24;2266;35.0;54064.81;600;;;False;70353572039563;2020-09-05 00:00:00;Contado
247;A;2020-09-08 00:00:00;18677.54;21.0;15434.71;3241.29;0.01;1.54;539;30.0;6614.87;500;;;False;70363097173182;2020-09-18 00:00:00;Contado
248;A;2020-09-09 00:00:00;4670.0;21.0;3859.5;810.5;0.0;0.0;2400;0.0;0.0;300;;;False;70373138108998;2020-09-19 00:00:00;Contado
249;A;2020-09-09 00:00:00;36019.98;21.0;29768.58;6251.4;0.0;0.0;2400;0.0;0.0;300;;;False;70373138162432;2020-09-19 00:00:00;Contado
250;A;2020-09-10 00:00:00;48781.1;21.0;40182.12;8438.25;0.01;160.73;2315;0.0;0.0;300;;;False;70373177605009;2020-09-20 00:00:00;Contado
251;A;2020-09-18 00:00:00;100602.46;21.0;82124.46;17246.14;1.5;1231.87;2357;0.0;0.0;400;;;False;70383446880690;2020-09-28 00:00:00;Contado
252;A;2020-09-28 00:00:00;100602.46;21.0;82124.46;17246.14;1.5;1231.87;2357;0.0;0.0;400;;;False;70393794262079;2020-10-08 00:00:00;Contado
253;A;2020-09-30 00:00:00;17008.19;21.0;13884.24;2915.69;1.5;208.26;2357;0.0;0.0;400;;;False;70403881480468;2020-10-10 00:00:00;Contado
254;A;2020-10-02 00:00:00;28547.36;21.0;23590.91;4954.09;0.01;2.36;1055;25.0;7863.64;200;;;False;70403002679836;2020-10-12 00:00:00;Contado
255;A;2020-10-07 00:00:00;7598.81;21.0;6198.05;1301.59;1.6;99.17;2357;0.0;0.0;400;;;False;70413180842795;2020-10-17 00:00:00;Contado
256;A;2020-10-07 00:00:00;10638.8;21.0;8677.65;1822.31;1.6;138.84;2357;0.0;0.0;400;;;False;70413182594992;2020-10-17 00:00:00;Contado
257;A;2020-10-16 00:00:00;24462.8;21.0;19570.24;4109.75;4.0;782.81;997;20.0;4892.56;300;;;False;70423503009814;2020-10-26 00:00:00;Contado
258;A;2020-10-28 00:00:00;2141700.0;21.0;1770000.0;371700.0;0.0;0.0;885;0.0;0.0;600;;;False;70443956464394;2020-11-07 00:00:00;Contado
259;A;2020-10-29 00:00:00;8406.93;21.0;6942.14;1457.85;0.1;6.94;2144;25.0;2314.05;500;;;False;70443996736348;2020-11-08 00:00:00;Contado
260;A;2020-10-30 00:00:00;67080.37;21.0;55392.54;11632.43;0.1;55.39;2238;30.0;23739.66;400;;;False;70443043033318;2020-11-09 00:00:00;Contado
261;A;2020-10-30 00:00:00;88913.41;21.0;73421.48;15418.51;0.1;73.42;918;0.0;0.0;400;;;False;70443043536963;2020-11-09 00:00:00;Contado
262;A;2020-10-30 00:00:00;2528117.44;21.0;2062086.0;433038.06;1.6;32993.38;2193;0.0;0.0;600;;;False;70443066907571;2020-11-09 00:00:00;Contado
263;A;2020-11-12 00:00:00;7724.64;21.0;6384.0;1340.64;0.0;0.0;2283;20.0;0.0;200;;;False;70463600788607;2020-11-22 00:00:00;Contado
264;A;2020-11-18 00:00:00;5985.0;21.0;4946.28;1038.72;0.0;0.0;2375;25.0;1648.76;300;;;False;70473810282005;2020-11-28 00:00:00;Contado
265;A;2020-11-18 00:00:00;80026.08;21.0;66082.64;13877.35;0.1;66.08;2353;0.0;0.0;600;;;False;70473820013378;2020-11-28 00:00:00;Contado
266;A;2020-11-30 00:00:00;6337980.0;21.0;5238000.0;1099980.0;0.0;0.0;885;0.0;0.0;600;;;False;70483366778167;2020-12-10 00:00:00;Contado
267;A;2020-12-10 00:00:00;37004.42;21.0;29368.59;6167.4;5.0;1468.43;2415;0.0;0.0;300;;;False;70503754694339;2020-12-20 00:00:00;Contado
268;A;2020-12-11 00:00:00;7913.23;21.0;6330.58;1329.42;4.0;253.22;102;20.0;1582.64;100;;;False;70503806969638;2020-12-21 00:00:00;Contado
269;A;2020-12-11 00:00:00;2913084.72;21.0;2405520.0;505159.2;0.1;2405.52;2257;0.0;0.0;600;;;False;70503812521042;2020-12-21 00:00:00;Contado
270;A;2020-12-14 00:00:00;2913084.72;21.0;2405520.0;505159.2;0.1;2405.52;2257;0.0;0.0;600;;;False;70503910549899;2020-12-24 00:00:00;Contado
271;A;2020-12-15 00:00:00;6595.04;21.0;5276.03;1107.97;4.0;211.04;102;20.0;1319.01;100;;;False;70503973976189;2020-12-25 00:00:00;Contado
272;A;2020-12-16 00:00:00;449757.0;21.0;371700.0;78057.0;0.0;0.0;2385;0.0;0.0;600;;;False;70513021713605;2020-12-26 00:00:00;Contado
273;A;2020-12-16 00:00:00;449757.0;21.0;371700.0;78057.0;0.0;0.0;2385;0.0;0.0;600;;;False;70513022051911;2020-12-26 00:00:00;Contado
274;A;2020-12-29 00:00:00;9144136.98;21.0;7557138.0;1586998.98;0.0;0.0;885;0.0;0.0;600;;;False;70523602844841;2021-01-08 00:00:00;Contado
275;A;2020-12-30 00:00:00;8581320.0;21.0;7092000.0;1489320.0;0.0;0.0;885;0.0;0.0;600;;;False;70533675725468;2021-01-09 00:00:00;Contado
276;A;2021-01-08 00:00:00;11879.14;21.0;9785.12;2054.88;0.4;39.14;2184;20.0;2446.28;400;;;False;71023049932054;2021-01-18 00:00:00;Contado
277;A;2021-01-12 00:00:00;2984521.61;21.0;2464510.0;517547.1;0.1;2464.51;2257;0.0;0.0;600;;;False;71023197576753;2021-01-22 00:00:00;Contado
278;A;2021-01-27 00:00:00;37856.4;21.0;30285.12;6359.88;4.0;1211.4;2128;25.0;10095.04;300;;;False;71043858004030;2021-02-06 00:00:00;Contado
279;A;2021-01-29 00:00:00;5752824.0;21.0;4754400.0;998424.0;0.0;0.0;885;0.0;0.0;600;;;False;71053965066411;2021-02-08 00:00:00;Contado
280;A;2021-02-05 00:00:00;10529.99;21.0;8702.47;1827.52;0.0;0.0;2427;0.0;0.0;400;;;False;71063323038453;2021-02-15 00:00:00;Contado
281;A;2021-02-26 00:00:00;2217375.82;21.0;1832542.0;384833.82;0.0;0.0;885;0.0;0.0;600;;;False;71093413739647;2021-03-08 00:00:00;Contado
282;A;2021-02-27 00:00:00;367758.96;21.0;302931.6;63615.64;0.4;1211.73;345;0.0;0.0;200;;;False;71093414043837;2021-03-09 00:00:00;Contado
283;A;2021-03-02 00:00:00;775443.81;21.0;639805.12;134359.08;0.2;1279.61;2432;0.0;0.0;600;;;False;71093484720374;2021-03-12 00:00:00;Contado
284;A;2021-03-08 00:00:00;1.21;21.0;1.0;0.21;0.4;0.0;345;0.0;0.0;200;;;False;71103818637694;2021-03-18 00:00:00;Contado
285;A;2021-03-08 00:00:00;12.14;21.0;10.0;2.1;0.4;0.04;345;0.0;0.0;200;;;False;71103818709597;2021-03-18 00:00:00;Contado
286;A;2021-03-10 00:00:00;12.15;21.0;10.0;2.1;0.5;0.05;2348;0.0;0.0;600;;;False;71103989043971;2021-03-20 00:00:00;Contado
287;A;2021-03-11 00:00:00;10564.8;21.0;8702.47;1827.52;0.4;34.81;345;0.0;0.0;200;;;False;71103000666621;2021-03-21 00:00:00;Contado
288;A;2021-03-11 00:00:00;12.15;21.0;10.0;2.1;0.5;0.05;2348;0.0;0.0;600;;;False;71103000745676;2021-03-21 00:00:00;Contado
289;A;2021-03-11 00:00:00;11.54;21.0;9.5;2.0;0.5;0.05;2348;0.0;0.0;600;;;False;71103048555827;2021-03-21 00:00:00;Contado
290;A;2021-03-19 00:00:00;7256.19;21.0;5804.95;1219.04;4.0;232.2;378;20.0;1451.24;100;;;False;71123433191497;2021-03-29 00:00:00;Contado
291;A;2021-03-29 00:00:00;8451.84;21.0;6961.98;1462.02;0.4;27.85;2315;0.0;0.0;300;;;False;71133926688154;2021-04-08 00:00:00;Contado
292;A;2021-03-30 00:00:00;42995.55;21.0;35530.58;7461.42;0.01;3.55;406;20.0;8882.64;100;;;False;71133957332750;2021-04-09 00:00:00;Contado
293;A;2021-03-31 00:00:00;7355590.0;21.0;6079000.0;1276590.0;0.0;0.0;885;0.0;0.0;600;;;False;71133027233588;2021-04-10 00:00:00;Contado
294;A;2021-04-09 00:00:00;9.38;21.0;7.5;1.58;4.0;0.3;818;25.0;2.5;400;;;False;71153490892257;2021-04-19 00:00:00;Contado
295;A;2021-04-12 00:00:00;9660.0;21.0;7983.47;1676.53;0.0;0.0;885;0.0;0.0;600;;;False;71153590199657;2021-04-22 00:00:00;Contado
296;A;2021-04-30 00:00:00;86197.17;21.0;71061.15;14922.84;0.3;213.18;2340;20.0;17765.29;100;;;False;71183455521180;2021-05-10 00:00:00;Contado
297;A;2021-04-30 00:00:00;3853729.0;21.0;3184900.0;668829.0;0.0;0.0;885;0.0;0.0;600;;;False;71183487475257;2021-05-10 00:00:00;Contado
298;A;2021-04-30 00:00:00;18527.98;21.0;15312.38;3215.6;0.0;0.0;2393;20.0;3828.1;300;;;False;71183488078850;2021-05-10 00:00:00;Contado
299;A;2021-05-07 00:00:00;10963.99;21.0;9061.15;1902.84;0.0;0.0;680;20.0;2265.29;300;;;False;71193845836510;2021-05-17 00:00:00;Contado
300;A;2021-05-12 00:00:00;35607.98;21.0;29428.08;6179.9;0.0;0.0;547;0.0;0.0;100;;;False;71193105818576;2021-05-22 00:00:00;Contado
301;A;2021-05-27 00:00:00;7685.32;21.0;6330.58;1329.42;0.4;25.32;2315;0.0;0.0;300;;;False;71213814290096;2021-06-06 00:00:00;Contado
302;A;2021-05-31 00:00:00;1720862.0;21.0;1422200.0;298662.0;0.0;0.0;885;0.0;0.0;600;;;False;71223057083517;2021-06-10 00:00:00;Contado
303;A;2021-06-08 00:00:00;9118.98;21.0;7437.99;1561.98;1.6;119.01;2357;0.0;0.0;400;;;False;71233396793403;2021-06-18 00:00:00;Contado
304;A;2021-06-16 00:00:00;17034.12;21.0;14042.97;2949.02;0.3;42.13;81;20.0;3510.74;500;;;False;71243817968839;2021-06-26 00:00:00;Contado
305;A;2021-06-28 00:00:00;9570.24;21.0;7656.19;1607.8;4.0;306.25;258;20.0;1914.05;700;;;False;71263425442644;2021-07-08 00:00:00;Contado
306;A;2021-06-30 00:00:00;2188875.48;21.0;1808988.0;379887.48;0.0;0.0;885;0.0;0.0;600;;;False;71263577850872;2021-07-10 00:00:00;Contado
307;A;2021-07-05 00:00:00;287499.99;21.0;237603.3;49896.69;0.0;0.0;885;0.0;0.0;600;;;False;71273854796728;2021-07-15 00:00:00;Contado
308;A;2021-07-08 00:00:00;7755.0;21.0;6409.09;1345.91;0.0;0.0;689;25.0;2136.36;200;;;False;71273059166437;2021-07-18 00:00:00;Contado
309;A;2021-07-20 00:00:00;8299.34;21.0;6836.36;1435.64;0.4;27.35;2315;0.0;1709.09;300;;;False;71293681083778;2021-07-30 00:00:00;Contado
310;A;2021-07-20 00:00:00;15382.68;21.0;12671.07;2660.92;0.4;50.68;680;20.0;3167.77;300;;;False;71293688527048;2021-07-30 00:00:00;Contado
311;A;2021-07-21 00:00:00;10239.66;21.0;8191.73;1720.26;4.0;327.67;102;20.0;2047.93;100;;;False;71293771995178;2021-07-31 00:00:00;Contado
312;A;2021-07-28 00:00:00;995830.0;21.0;823000.0;172830.0;0.0;0.0;885;0.0;0.0;600;;;False;71303186085848;2021-08-07 00:00:00;Contado
313;A;2021-07-29 00:00:00;12799.96;21.0;10578.48;2221.48;1.6;0.0;2357;0.0;0.0;400;;;False;71303254285674;2021-08-08 00:00:00;Contado
314;A;2021-08-06 00:00:00;251680.0;21.0;208000.0;43680.0;0.0;0.0;1103;0.0;0.0;500;;;False;71323758359139;2021-08-16 00:00:00;Contado
315;A;2021-09-01 00:00:00;4719000.0;21.0;3900000.0;819000.0;0.0;0.0;2257;0.0;0.0;600;;;False;71353313702230;2021-09-11 00:00:00;Contado
316;A;2021-09-02 00:00:00;412156.1;21.0;340343.6;71472.16;0.1;340.34;345;0.0;0.0;200;;;False;71353414507388;2021-09-12 00:00:00;Contado
317;A;2021-09-20 00:00:00;19287.91;21.0;15927.26;3344.72;0.1;15.93;2095;0.0;3981.82;300;;;False;71383474769577;2021-09-30 00:00:00;Contado
318;A;2021-09-30 00:00:00;75304.76;21.0;61423.13;12898.86;1.6;982.77;2356;10.0;6824.79;300;;;False;71393091160203;2021-10-10 00:00:00;Contado
319;A;2021-09-30 00:00:00;8949.16;21.0;7246.28;1521.72;2.5;181.16;363;20.0;1811.57;500;;;False;71393092221750;2021-10-10 00:00:00;Contado
320;A;2021-09-30 00:00:00;7755.0;21.0;6409.09;1345.91;0.0;0.0;2375;25.0;0.0;300;;;False;71393103831404;2021-10-10 00:00:00;Contado
321;A;2021-10-20 00:00:00;1215499.18;21.0;1004461.76;210936.97;0.01;100.45;2011;0.0;0.0;100;;;False;71423394595167;2021-10-30 00:00:00;Contado
322;A;2021-10-25 00:00:00;29079.69;21.0;24032.8;5046.89;0.0;0.0;1370;0.0;0.0;600;;;False;71433708994976;2021-11-04 00:00:00;Contado
323;A;2021-10-25 00:00:00;2704188.2;21.0;2205700.0;463197.0;1.6;35291.2;1051;0.0;0.0;600;;;False;71433737987556;2021-11-04 00:00:00;Contado
324;A;2021-10-29 00:00:00;3646335.0;21.0;3013500.0;632835.0;0.0;0.0;885;0.0;0.0;600;;;False;71443028896146;2021-11-08 00:00:00;Contado
325;A;2021-11-04 00:00:00;8226.8;21.0;6793.39;1426.61;0.1;6.79;345;0.0;2264.46;200;;;False;71443473598839;2021-11-14 00:00:00;Contado
326;A;2021-11-10 00:00:00;31999.95;21.0;26446.24;5553.71;1.6;0.0;2357;0.0;0.0;400;;;False;71453933459622;2021-11-20 00:00:00;Contado
327;A;2021-11-17 00:00:00;12158.66;21.0;9917.34;2082.64;1.6;158.68;2357;0.0;0.0;400;;;False;71463384818619;2021-11-27 00:00:00;Contado
328;A;2021-11-18 00:00:00;100419.11;21.0;81907.92;17200.66;1.6;1310.53;1210;0.0;0.0;400;;;False;71463430435119;2021-11-28 00:00:00;Contado
329;A;2021-11-29 00:00:00;27913.2;21.0;22330.56;4689.42;4.0;893.22;130;20.0;5582.65;700;;;False;71483199934831;2021-12-09 00:00:00;Contado
330;A;2021-11-30 00:00:00;4007520.0;21.0;3312000.0;695520.0;0.0;0.0;885;0.0;0.0;600;;;False;71483270537967;2021-12-10 00:00:00;Contado
331;A;2021-12-06 00:00:00;79792.49;21.0;65944.21;13848.28;0.0;0.0;2270;25.0;21981.41;400;;;False;71493751117103;2021-12-16 00:00:00;Contado
332;A;2021-12-15 00:00:00;180148.12;21.0;148759.8;31239.56;0.1;148.76;472;0.0;0.0;100;;;False;71503423445473;2021-12-25 00:00:00;Contado
333;A;2021-12-16 00:00:00;29775.98;21.0;24608.25;5167.73;0.0;0.0;327;20.0;6152.06;300;;;False;71503465380179;2021-12-26 00:00:00;Contado
334;A;2022-01-06 00:00:00;50299.4;21.0;41466.94;8708.06;0.3;124.4;921;25.0;13822.31;300;;;False;72013039909267;2022-01-16 00:00:00;Contado
335;A;2022-01-17 00:00:00;55321.91;21.0;45123.91;9476.02;1.6;721.98;2357;0.0;0.0;400;;;False;72033785052288;2022-01-27 00:00:00;Contado
336;A;2022-01-19 00:00:00;28439.97;21.0;23504.11;4935.86;0.0;0.0;327;20.0;5876.03;300;;;False;72033895340568;2022-01-29 00:00:00;Contado
337;A;2022-01-19 00:00:00;8511.06;21.0;6942.14;1457.85;1.6;111.07;2357;0.0;0.0;400;;;False;72033933987147;2022-01-29 00:00:00;Contado
338;A;2022-01-20 00:00:00;143304.22;21.0;116887.62;24546.4;1.6;1870.2;2066;0.0;0.0;200;;;False;72033995923825;2022-01-30 00:00:00;Contado
339;A;2022-01-20 00:00:00;47144.67;21.0;38962.54;8182.13;0.0;0.0;133;0.0;0.0;200;;;False;72033996054543;2022-01-30 00:00:00;Contado
340;A;2022-01-27 00:00:00;51066.38;21.0;41652.84;8747.1;1.6;666.45;2357;0.0;0.0;400;;;False;72043483296606;2022-02-06 00:00:00;Contado
341;A;2022-01-28 00:00:00;9479.99;21.0;7834.7;1645.29;0.0;0.0;2393;20.0;1958.68;300;;;False;72043561732198;2022-02-07 00:00:00;Contado
342;A;2022-01-31 00:00:00;1727880.0;21.0;1428000.0;299880.0;0.0;0.0;885;0.0;0.0;600;;;False;72053750242298;2022-02-10 00:00:00;Contado
343;A;2022-02-02 00:00:00;17022.13;21.0;13884.28;2915.7;1.6;222.15;2357;0.0;0.0;400;;;False;72053944824722;2022-02-12 00:00:00;Contado
344;A;2022-02-08 00:00:00;44581.77;21.0;36363.6;7636.36;1.6;581.82;2357;0.0;0.0;400;;;False;72063373686878;2022-02-18 00:00:00;Contado
345;A;2022-02-09 00:00:00;16515.99;21.0;13649.58;2866.41;0.0;0.0;327;20.0;0.0;300;;;False;72063465762907;2022-02-19 00:00:00;Contado
346;A;2022-02-10 00:00:00;17832.71;21.0;14545.44;3054.54;1.6;232.73;2357;0.0;0.0;400;;;False;72063544443174;2022-02-20 00:00:00;Contado
347;A;2022-02-11 00:00:00;21498.02;21.0;17765.49;3730.75;0.01;1.78;406;20.0;0.0;100;;;False;72063611545789;2022-02-21 00:00:00;Contado
348;A;2022-02-14 00:00:00;495952.46;21.0;409539.6;86003.32;0.1;409.54;544;0.0;0.0;300;;;False;72073801455192;2022-02-24 00:00:00;Contado
349;A;2022-02-15 00:00:00;36999.94;21.0;30578.46;6421.48;0.4;0.0;2184;20.0;0.0;400;;;False;72073888611485;2022-02-25 00:00:00;Contado
350;A;2022-02-17 00:00:00;17832.71;21.0;14545.44;3054.54;1.6;232.73;2357;0.0;0.0;400;;;False;72073043207941;2022-02-27 00:00:00;Contado
351;A;2022-02-21 00:00:00;28688.98;21.0;23709.9;4979.08;0.0;0.0;547;0.0;0.0;100;;;False;72083313739374;2022-03-03 00:00:00;Contado
352;A;2022-02-25 00:00:00;1726065.0;21.0;1426500.0;299565.0;0.0;0.0;881;0.0;0.0;600;;;False;72083679805960;2022-03-07 00:00:00;Contado
353;A;2022-03-14 00:00:00;103513.99;21.0;85478.11;17950.4;0.1;85.48;2238;30.0;0.0;400;;;False;72113942580922;2022-03-24 00:00:00;Contado
354;A;2022-03-16 00:00:00;11760.33;21.0;9408.26;1975.73;4.0;376.33;258;20.0;2352.07;700;;;False;72113099400299;2022-03-26 00:00:00;Contado
355;A;2022-03-29 00:00:00;8569.21;21.0;6855.37;1439.63;4.0;274.21;2160;30.0;2938.01;500;;;False;72133070462851;2022-04-08 00:00:00;Contado
356;A;2022-03-29 00:00:00;9479.99;21.0;7834.7;1645.29;0.0;0.0;696;20.0;1958.68;500;;;False;72133072672020;2022-04-08 00:00:00;Contado
357;A;2022-03-29 00:00:00;9503.49;21.0;7834.7;1645.29;0.3;23.5;81;20.0;1958.68;500;;;False;72133072827401;2022-04-08 00:00:00;Contado
358;A;2022-04-19 00:00:00;27356.96;21.0;22314.0;4685.94;1.6;357.02;2357;0.0;0.0;400;;;False;72163720934542;2022-04-29 00:00:00;Contado
359;A;2022-04-22 00:00:00;36475.95;21.0;29752.0;6247.92;1.6;476.03;2357;0.0;0.0;400;;;False;72163981774735;2022-05-02 00:00:00;Contado
360;A;2022-05-04 00:00:00;13248.0;21.0;10948.76;2299.24;0.0;0.0;2393;20.0;2737.19;300;;;False;72183951882904;2022-05-14 00:00:00;Contado
361;A;2022-05-09 00:00:00;31916.46;21.0;26033.0;5466.93;1.6;416.53;2357;0.0;0.0;400;;;False;72193338233865;2022-05-19 00:00:00;Contado
362;A;2022-05-24 00:00:00;18237.98;21.0;14876.0;3123.96;1.6;238.02;2357;0.0;0.0;400;;;False;72213482351697;2022-06-03 00:00:00;Contado
363;A;2022-05-30 00:00:00;18237.98;21.0;14876.0;3123.96;1.6;238.02;2357;0.0;0.0;400;;;False;72223968818866;2022-06-09 00:00:00;Contado
364;A;2022-05-31 00:00:00;3597693.0;21.0;2973300.0;624393.0;0.0;0.0;881;0.0;0.0;600;;;False;72223056075715;2022-06-10 00:00:00;Contado
365;A;2022-05-31 00:00:00;7041474.0;21.0;5819400.0;1222074.0;0.0;0.0;885;0.0;0.0;600;;;False;72223057954199;2022-06-10 00:00:00;Contado
366;A;2022-06-02 00:00:00;204520.03;21.0;168467.9;35378.26;0.4;673.87;2554;0.0;0.0;600;;;False;72223255725287;2022-06-12 00:00:00;Contado
367;A;2022-06-02 00:00:00;218154.71;21.0;179699.1;37736.81;0.4;718.8;2554;0.0;0.0;600;;;False;72223256410645;2022-06-12 00:00:00;Contado
368;A;2022-06-09 00:00:00;18237.98;21.0;14876.0;3123.96;1.6;238.02;2357;0.0;0.0;400;;;False;72233870984413;2022-06-19 00:00:00;Contado
369;A;2022-06-22 00:00:00;9118.99;21.0;7438.0;1561.98;1.6;119.01;2357;0.0;0.0;400;;;False;72253868633114;2022-07-02 00:00:00;Contado
370;A;2022-06-27 00:00:00;1347293.75;21.0;1077835.0;226345.35;4.0;43113.4;2011;0.0;0.0;100;;;False;72263283369808;2022-07-07 00:00:00;Contado
371;A;2022-06-27 00:00:00;144375.0;21.0;115500.0;24255.0;4.0;4620.0;2011;0.0;0.0;100;;;False;72263283512910;2022-07-07 00:00:00;Contado
372;A;2022-06-28 00:00:00;18237.98;21.0;14876.0;3123.96;1.6;238.02;2357;0.0;0.0;400;;;False;72263377159252;2022-07-08 00:00:00;Contado
373;A;2022-06-29 00:00:00;1234306.25;21.0;987445.0;207363.45;4.0;39497.8;2011;0.0;0.0;100;;;False;72263465325815;2022-07-09 00:00:00;Contado
374;A;2022-07-07 00:00:00;27863.61;21.0;22727.25;4772.72;1.6;363.64;2357;0.0;0.0;400;;;False;72273220156921;2022-07-17 00:00:00;Contado
375;A;2022-07-19 00:00:00;16718.17;21.0;13636.35;2863.63;1.6;218.18;2357;0.0;0.0;400;;;False;72293206410104;2022-07-29 00:00:00;Contado
376;A;2022-07-21 00:00:00;30015.59;21.0;24304.12;5103.87;2.5;607.6;759;20.0;6076.03;400;;;False;72293382800146;2022-07-31 00:00:00;Contado
377;A;2022-07-29 00:00:00;5158230.0;21.0;4263000.0;895230.0;5.0;0.0;885;0.0;0.0;600;;;False;72303086486187;2022-08-08 00:00:00;Contado
378;A;2022-08-08 00:00:00;54338.75;21.0;43471.0;9128.91;4.0;1738.84;1055;25.0;0.0;200;;;False;72323976568970;2022-08-18 00:00:00;Contado
379;A;2022-08-23 00:00:00;28209.37;21.0;22388.39;4701.56;5.0;1119.42;2308;0.0;0.0;600;;;False;72343231601218;2022-09-02 00:00:00;Contado
380;A;2022-08-24 00:00:00;12.35;21.0;10.0;2.1;2.5;0.25;1042;0.0;0.0;400;;;False;72343398242028;2022-09-03 00:00:00;Contado
381;A;2022-08-25 00:00:00;44725.8;21.0;36963.47;7762.33;0.0;0.0;547;0.0;0.0;100;;;False;72343421084910;2022-09-04 00:00:00;Contado
382;A;2022-08-25 00:00:00;44581.77;21.0;36363.6;7636.36;1.6;581.82;2357;0.0;0.0;400;;;False;72343425970295;2022-09-04 00:00:00;Contado
383;A;2022-08-26 00:00:00;21379.64;21.0;17381.82;3650.18;2.0;347.64;277;20.0;4345.45;200;;;False;72343525218305;2022-09-05 00:00:00;Contado
384;A;2022-09-30 00:00:00;2879800.0;21.0;2380000.0;499800.0;5.0;0.0;885;0.0;0.0;600;;;False;72393615433498;2022-10-10 00:00:00;Contado
385;A;2022-10-18 00:00:00;24317.32;21.0;19834.68;4165.28;1.6;317.35;2357;0.0;0.0;400;;;False;72423219392002;2022-10-28 00:00:00;Contado
386;A;2022-11-07 00:00:00;21450.0;21.0;17727.27;3722.73;0.0;0.0;1055;25.0;5909.09;200;;;False;72453142977124;2022-11-17 00:00:00;Contado
387;A;2022-11-17 00:00:00;177789.31;21.0;146933.31;30856.0;5.0;0.0;632;25.0;0.25;100;;;False;72463086918256;2022-11-27 00:00:00;Contado
388;A;2022-11-23 00:00:00;26221.99;21.0;21671.07;4550.92;0.0;0.0;2517;30.0;9287.6;400;;;False;72473577704157;2022-12-03 00:00:00;Contado
389;A;2022-11-23 00:00:00;19376.0;21.0;16013.22;3362.78;0.0;0.0;680;20.0;4003.3;300;;;False;72473578362339;2022-12-03 00:00:00;Contado
390;A;2022-11-28 00:00:00;68656.0;21.0;56000.0;11760.0;1.6;896.0;2128;27.0;0.0;300;;;False;72483069683289;2022-12-08 00:00:00;Contado
391;A;2022-12-19 00:00:00;19500.0;21.0;16115.7;3384.3;1.6;0.0;2357;0.0;0.0;400;;;False;72513024668145;2022-12-29 00:00:00;Contado
392;A;2022-12-22 00:00:00;439.99;21.0;363.63;76.36;0.0;0.0;547;0.0;0.0;100;;;False;72513379998781;2023-01-01 00:00:00;Contado
393;A;2022-12-27 00:00:00;1275237.37;21.0;1012093.15;212539.56;5.0;50604.66;885;0.0;0.0;600;;;False;72523847084203;2023-01-06 00:00:00;Contado
394;A;2022-12-27 00:00:00;1743665.0;21.0;1423400.0;298914.0;1.5;21351.0;1051;0.0;0.0;600;;;False;72523850472539;2023-01-06 00:00:00;Contado
395;A;2022-12-28 00:00:00;24535.99;21.0;20277.68;4258.31;0.0;0.0;2393;20.0;5069.42;300;;;False;72523013953771;2023-01-07 00:00:00;Contado
396;A;2022-12-29 00:00:00;299499.04;21.0;247519.87;51979.17;1.6;0.0;2238;30.0;0.0;400;;;False;72523081266129;2023-01-08 00:00:00;Contado
397;A;2023-01-04 00:00:00;180747.02;21.0;149008.26;31291.73;0.3;447.02;921;25.0;49669.42;300;;;False;73013650008641;2023-01-14 00:00:00;Contado
398;A;2023-01-12 00:00:00;87577.49;21.0;72378.09;15199.4;0.0;0.0;2270;25.0;24126.03;400;;;False;73023443655347;2023-01-22 00:00:00;Contado
399;A;2023-01-12 00:00:00;20728.0;21.0;17130.58;3597.42;0.0;0.0;588;20.0;4282.64;700;;;False;73023449760089;2023-01-22 00:00:00;Contado
400;A;2023-02-07 00:00:00;299708.41;21.0;246876.78;51844.12;0.4;987.51;2315;0.0;0.0;300;;;False;73063856539098;2023-02-17 00:00:00;Contado
401;A;2023-02-09 00:00:00;20728.0;21.0;17130.58;3597.42;0.0;0.0;472;0.0;4282.64;100;;;False;73063092468043;2023-02-19 00:00:00;Contado
402;A;2023-02-13 00:00:00;57224.99;21.0;47293.38;9931.61;0.0;0.0;2517;30.0;20268.6;400;;;False;73073415041719;2023-02-23 00:00:00;Contado
403;A;2023-02-13 00:00:00;63099.18;21.0;50479.34;10600.66;4.0;2019.17;2542;25.0;16826.45;400;;;False;73073416599912;2023-02-23 00:00:00;Contado
404;A;2023-02-16 00:00:00;112051.61;21.0;92604.64;19446.97;0.0;0.0;632;25.0;0.0;100;;;False;73073736865373;2023-02-26 00:00:00;Contado
405;A;2023-02-22 00:00:00;22982.58;21.0;18915.7;3972.3;0.5;94.58;406;20.0;4728.92;100;;;False;73083214955823;2023-03-04 00:00:00;Contado
406;A;2023-02-22 00:00:00;162133.58;21.0;129706.86;27238.44;4.0;5188.27;2334;0.0;0.0;100;;;False;73083240188472;2023-03-04 00:00:00;Contado
407;A;2023-02-27 00:00:00;115760.44;21.0;95354.56;20024.46;0.4;381.42;345;0.0;0.0;200;;;False;73093675823406;2023-03-09 00:00:00;Contado
408;A;2023-02-27 00:00:00;186607.77;21.0;154221.3;32386.47;0.4;0.0;2315;0.0;0.0;300;;;False;73093723347759;2023-03-09 00:00:00;Contado
409;A;2023-03-01 00:00:00;23814.99;21.0;19681.81;4133.18;0.0;0.0;547;0.0;0.0;100;;;False;73093935891342;2023-03-11 00:00:00;Contado
410;A;2023-03-08 00:00:00;2279962.5;21.0;1823970.0;383033.7;4.0;72958.8;2010;0.0;0.0;600;;;False;73103634046495;2023-03-18 00:00:00;Contado
411;A;2023-03-10 00:00:00;35767.8;21.0;28961.78;6081.97;2.5;724.04;2495;25.0;9653.93;200;;;False;73103902675877;2023-03-20 00:00:00;Contado
412;A;2023-03-13 00:00:00;96000.0;21.0;79338.84;16661.16;1.5;0.0;2608;0.0;0.0;700;;;False;73113117823443;2023-03-23 00:00:00;Contado
413;A;2023-03-29 00:00:00;239999.99;21.0;198347.1;41652.89;1.5;0.0;2608;0.0;0.0;700;;;False;73133665820834;2023-04-08 00:00:00;Contado
414;A;2023-04-03 00:00:00;8682960.0;21.0;7176000.0;1506960.0;5.0;0.0;885;0.0;0.0;600;;;False;73143142004014;2023-04-13 00:00:00;Contado
415;A;2023-04-04 00:00:00;93699.87;21.0;77437.91;16261.96;5.0;0.0;2542;25.0;0.0;400;;;False;73143266400312;2023-04-14 00:00:00;Contado
416;A;2023-04-06 00:00:00;148442.65;21.0;118754.12;24938.37;4.0;4750.16;681;25.0;39584.71;700;;;False;73143548512868;2023-04-16 00:00:00;Contado
417;A;2023-04-10 00:00:00;143999.87;21.0;119008.16;24991.71;1.5;0.0;2608;0.0;0.0;700;;;False;73153838873889;2023-04-20 00:00:00;Contado
418;A;2023-04-10 00:00:00;114172.53;21.0;94357.46;19815.07;0.0;0.0;133;0.0;0.0;200;;;False;73153839429854;2023-04-20 00:00:00;Contado
419;A;2023-04-26 00:00:00;17861.25;21.0;14761.36;3099.89;0.0;0.0;2375;25.0;4920.45;300;;;False;73173470175237;2023-05-06 00:00:00;Contado
420;A;2023-04-28 00:00:00;8682960.0;21.0;7176000.0;1506960.0;5.0;0.0;885;0.0;0.0;600;;;False;73173675524130;2023-05-08 00:00:00;Contado
421;A;2023-05-03 00:00:00;1772149.7;21.0;1462169.72;307055.64;0.2;2924.34;539;30.0;0.0;600;;;False;73183176399602;2023-05-13 00:00:00;Contado
422;A;2023-05-04 00:00:00;33340.9;21.0;27554.46;5786.44;0.0;0.0;2160;30.0;0.0;500;;;False;73183242023426;2023-05-14 00:00:00;Contado
423;A;2023-05-08 00:00:00;97236.99;21.0;80361.15;16875.84;0.0;0.0;2517;30.0;34440.49;400;;;False;73193629748197;2023-05-18 00:00:00;Contado
424;A;2023-05-09 00:00:00;101239.64;21.0;82644.6;17355.37;1.5;1239.67;2608;0.0;0.0;700;;;False;73193740917390;2023-05-19 00:00:00;Contado
425;A;2023-05-09 00:00:00;242975.12;21.0;198347.04;41652.88;1.5;2975.21;2608;0.0;0.0;700;;;False;73193775544814;2023-05-19 00:00:00;Contado
426;A;2023-05-10 00:00:00;620260.48;21.0;512611.97;107648.51;0.0;0.0;2621;20.0;0.0;300;;;False;73193880359469;2023-05-20 00:00:00;Contado
427;A;2023-05-15 00:00:00;40000.0;21.0;33057.85;6942.15;4.0;0.0;681;25.0;0.0;700;;;False;73203396198093;2023-05-25 00:00:00;Contado
428;A;2023-05-17 00:00:00;48431.52;21.0;38900.82;8169.17;3.5;1361.53;632;25.0;12966.94;100;;;False;73203570406694;2023-05-27 00:00:00;Contado
429;A;2023-05-30 00:00:00;202479.27;21.0;165289.2;34710.73;1.5;2479.34;2608;0.0;0.0;700;;;False;73223754141363;2023-06-09 00:00:00;Contado
430;A;2023-06-12 00:00:00;1784857.68;21.0;1475088.99;309768.69;0.0;0.0;547;0.0;0.0;100;;;False;73243170528933;2023-06-22 00:00:00;Contado
431;A;2023-06-13 00:00:00;274999.73;21.0;227272.5;47727.23;1.5;0.0;2608;0.0;0.0;700;;;False;73243285921328;2023-06-23 00:00:00;Contado
432;A;2023-06-27 00:00:00;164999.84;21.0;136363.5;28636.34;1.5;0.0;2608;0.0;0.0;700;;;False;73263615986064;2023-07-07 00:00:00;Contado
433;A;2023-06-30 00:00:00;77063.62;21.0;62909.08;13210.91;1.5;943.64;1052;0.0;0.0;600;;;False;73263953547934;2023-07-10 00:00:00;Contado
434;A;2023-06-30 00:00:00;41224.79;21.0;33652.89;7067.11;1.5;504.79;1052;0.0;0.0;600;;;False;73263953854838;2023-07-10 00:00:00;Contado
435;A;2023-06-30 00:00:00;226365.84;21.0;186462.8;39157.19;0.4;745.85;2499;25.0;0.0;500;;;False;73263956310775;2023-07-10 00:00:00;Contado
436;A;2023-07-10 00:00:00;174675.6;21.0;144360.0;30315.6;1.5;0.0;1051;0.0;0.0;600;;;False;73283112677399;2023-07-20 00:00:00;Contado
437;A;2023-07-11 00:00:00;167999.91;21.0;138842.9;29157.01;1.5;0.0;2608;0.0;0.0;700;;;False;73283214260952;2023-07-21 00:00:00;Contado
438;A;2023-07-21 00:00:00;167999.91;21.0;138842.9;29157.01;1.5;0.0;2608;0.0;0.0;700;;;False;73293225719913;2023-07-31 00:00:00;Contado
439;A;2023-08-07 00:00:00;1275360.61;21.0;1041110.7;218633.25;1.5;15616.66;2643;0.0;0.0;600;;;False;73323107688538;2023-08-17 00:00:00;Contado
440;A;2023-08-14 00:00:00;218677.57;21.0;178512.3;37487.58;1.5;2677.68;2608;0.0;0.0;700;;;False;73333831320625;2023-08-24 00:00:00;Contado
441;A;2023-08-16 00:00:00;35797.95;21.0;29487.6;6192.4;0.4;117.95;2315;0.0;7371.9;300;;;False;73333062817717;2023-08-26 00:00:00;Contado
442;A;2023-08-25 00:00:00;4779.5;21.0;3950.0;829.5;1.5;0.0;1051;0.0;0.0;600;;;False;73343977375500;2023-09-04 00:00:00;Contado
443;A;2023-08-28 00:00:00;123803.05;21.0;100652.89;21137.11;2.0;2013.06;2308;0.0;0.0;600;;;False;73353292996156;2023-09-07 00:00:00;Contado
444;A;2023-09-18 00:00:00;26000.0;21.0;21487.6;4512.4;1.6;0.0;2357;0.0;0.0;400;;;False;73383567675308;2023-09-28 00:00:00;Contado
445;A;2023-09-26 00:00:00;189188.85;21.0;155839.25;32726.24;0.4;623.36;2499;25.0;63202.06;500;;;False;73393413738461;2023-10-06 00:00:00;Contado
446;A;2023-09-30 00:00:00;239999.87;21.0;198347.0;41652.87;1.5;0.0;2608;0.0;0.0;700;;;False;73393925944762;2023-10-10 00:00:00;Contado
447;A;2023-10-12 00:00:00;1227.5;21.0;1000.0;210.0;1.75;17.5;346;0.0;0.0;600;;;False;73413338320115;2023-10-22 00:00:00;Contado
448;A;2023-10-12 00:00:00;12.28;21.0;10.0;2.1;1.75;0.18;346;0.0;0.0;600;;;False;73413338393910;2023-10-22 00:00:00;Contado
449;A;2023-10-12 00:00:00;247204.09;21.0;204132.2;42867.76;0.1;204.13;2608;0.0;0.0;700;;;False;73413351966435;2023-10-22 00:00:00;Contado
450;A;2023-10-17 00:00:00;66212.81;21.0;52970.25;11123.75;4.0;2118.81;2128;27.0;19591.73;300;;;False;73423858937429;2023-10-27 00:00:00;Contado
451;A;2023-10-17 00:00:00;77967.98;21.0;64436.35;13531.63;0.0;0.0;680;20.0;16109.09;300;;;False;73423859272481;2023-10-27 00:00:00;Contado
452;A;2023-10-18 00:00:00;8829095.7;21.0;7201546.25;1512324.71;1.6;115224.74;1051;0.0;0.0;600;;;False;73423950146468;2023-10-28 00:00:00;Contado
453;A;2023-10-27 00:00:00;137809.06;21.0;113516.52;23838.47;0.4;454.07;2499;25.0;37838.84;500;;;False;73433966112223;2023-11-06 00:00:00;Contado
454;A;2023-11-06 00:00:00;270223.02;21.0;223140.4;46859.48;0.1;223.14;2608;0.0;0.0;700;;;False;73453075115050;2023-11-16 00:00:00;Contado
455;A;2023-11-15 00:00:00;81066.91;21.0;66942.12;14057.85;0.1;66.94;2608;0.0;0.0;700;;;False;73463175642956;2023-11-25 00:00:00;Contado
456;A;2023-12-01 00:00:00;17854760.0;21.0;14756000.0;3098760.0;6.0;0.0;885;0.0;0.0;600;;;False;73483938892634;2023-12-11 00:00:00;Contado
457;A;2023-12-06 00:00:00;662912.95;21.0;547861.94;115051.01;0.0;0.0;539;35.0;0.0;600;;;False;73493592926295;2023-12-16 00:00:00;Contado
458;A;2023-12-07 00:00:00;74175.0;21.0;61301.65;12873.35;0.0;0.0;930;25.0;20433.88;300;;;False;73493688275567;2023-12-17 00:00:00;Contado
459;A;2023-12-11 00:00:00;255999.99;21.0;211570.24;44429.75;0.1;0.0;2608;0.0;0.0;700;;;False;73503102554442;2023-12-21 00:00:00;Contado
460;A;2023-12-11 00:00:00;96000.0;21.0;79338.84;16661.16;0.1;0.0;2608;0.0;0.0;700;;;False;73503102766200;2023-12-21 00:00:00;Contado
461;A;2023-12-14 00:00:00;32000.0;21.0;26446.28;5553.72;0.1;0.0;2608;0.0;0.0;700;;;False;73503537562538;2023-12-24 00:00:00;Contado
462;A;2024-01-08 00:00:00;89549.99;21.0;74008.26;15541.73;0.0;0.0;2224;0.0;0.0;600;;;False;74023279867191;2024-01-18 00:00:00;Contado
463;A;2024-01-09 00:00:00;68005.59;21.0;56198.32;11801.65;0.01;5.62;2357;0.0;0.0;400;;;False;74023406909600;2024-01-19 00:00:00;Contado
464;A;2024-01-16 00:00:00;34002.79;21.0;28099.16;5900.82;0.01;2.81;2357;0.0;0.0;400;;;False;74033173628738;2024-01-26 00:00:00;Contado
465;A;2024-01-17 00:00:00;520429.58;21.0;429751.92;90247.9;0.1;429.75;2608;0.0;0.0;700;;;False;74033275653084;2024-01-27 00:00:00;Contado
466;A;2024-01-17 00:00:00;67999.97;21.0;56198.32;11801.65;0.0;0.0;2182;25.0;0.0;300;;;False;74033289322676;2024-01-27 00:00:00;Contado
467;A;2024-01-17 00:00:00;240594.84;21.0;198346.94;41652.86;0.3;595.04;2554;20.0;49586.74;300;;;False;74033333378340;2024-01-27 00:00:00;Contado
468;A;2024-01-18 00:00:00;59552.42;21.0;49095.15;10309.98;0.3;147.29;2554;20.0;0.0;300;;;False;74033395651502;2024-01-28 00:00:00;Contado
469;A;2024-01-18 00:00:00;37070.73;21.0;30636.97;6433.76;0.3;0.0;2554;20.0;0.0;300;;;False;74033442911308;2024-01-28 00:00:00;Contado
470;A;2024-01-19 00:00:00;34002.79;21.0;28099.16;5900.82;0.01;2.81;2357;0.0;0.0;400;;;False;74033502201821;2024-01-29 00:00:00;Contado
471;A;2024-01-19 00:00:00;180148.7;21.0;148760.28;31239.66;0.1;148.76;2608;0.0;0.0;700;;;False;74033522258491;2024-01-29 00:00:00;Contado
472;A;2024-01-26 00:00:00;625625.75;21.0;496528.37;104270.96;5.0;24826.42;2542;25.0;0.0;400;;;False;74043226201656;2024-02-05 00:00:00;Contado
473;A;2024-01-31 00:00:00;25061.96;21.0;20661.14;4338.84;0.3;61.98;2554;20.0;0.0;300;;;False;74053795954579;2024-02-10 00:00:00;Contado
474;A;2024-01-31 00:00:00;5747742.0;21.0;4750200.0;997542.0;0.0;0.0;885;0.0;0.0;600;;;False;74063315380333;2024-02-10 00:00:00;Contado
475;A;2024-02-06 00:00:00;1688165.38;21.0;1395178.0;292987.38;0.0;0.0;2357;0.0;0.0;400;;;False;74063425807018;2024-02-16 00:00:00;Contado
476;A;2024-02-06 00:00:00;571999.74;21.0;472727.06;99272.68;0.0;0.0;2608;0.0;0.0;700;;;False;74063437931507;2024-02-16 00:00:00;Contado
477;A;2024-02-09 00:00:00;11791955.25;21.0;9745417.56;2046537.69;0.0;0.0;2020;0.0;0.0;600;;;False;74063798212734;2024-02-19 00:00:00;Contado
478;A;2024-02-17 00:00:00;29403000.0;21.0;24300000.0;5103000.0;0.0;0.0;2020;0.0;0.0;600;;;False;74073620972889;2024-02-27 00:00:00;Contado
479;A;2024-03-04 00:00:00;505999.77;21.0;418181.63;87818.14;0.0;0.0;2608;0.0;0.0;700;;;False;74103345574824;2024-03-14 00:00:00;Contado
480;A;2024-03-04 00:00:00;35999.99;21.0;29752.06;6247.93;0.0;0.0;2357;0.0;0.0;400;;;False;74103349301503;2024-03-14 00:00:00;Contado
481;A;2024-03-05 00:00:00;246651.99;21.0;203844.62;42807.37;0.0;0.0;2069;20.0;0.0;400;;;False;74103479571557;2024-03-15 00:00:00;Contado
482;A;2024-03-06 00:00:00;79170.0;21.0;65429.75;13740.25;0.0;0.0;2668;0.0;21809.92;200;;;False;74103584016707;2024-03-16 00:00:00;Contado
483;A;2024-03-08 00:00:00;239699.83;21.0;198099.03;41600.8;0.0;0.0;1055;25.0;0.0;200;;;False;74103839410853;2024-03-18 00:00:00;Contado
484;A;2024-03-14 00:00:00;351999.84;21.0;290908.96;61090.88;0.0;0.0;2608;0.0;0.0;700;;;False;74113488331621;2024-03-24 00:00:00;Contado
485;A;2024-03-18 00:00:00;44999.98;21.0;37190.07;7809.91;0.0;0.0;2554;20.0;0.0;300;;;False;74123885293031;2024-03-28 00:00:00;Contado
486;A;2024-03-19 00:00:00;589612.45;21.0;487283.02;102329.43;0.0;0.0;2542;25.0;162427.68;400;;;False;74123992360503;2024-03-29 00:00:00;Contado
487;A;2024-03-21 00:00:00;9391.37;21.0;7761.46;1629.91;0.0;0.0;1103;0.0;0.0;500;;;False;74123209963081;2024-03-31 00:00:00;Contado
488;A;2024-04-04 00:00:00;637279.99;21.0;526677.68;110602.31;0.0;0.0;352;25.0;225719.0;200;;;False;74143728556122;2024-04-14 00:00:00;Contado
489;A;2024-04-09 00:00:00;144000.02;21.0;119008.28;24991.74;0.0;0.0;346;0.0;0.0;600;;;False;74153309645704;2024-04-19 00:00:00;Contado
490;A;2024-04-17 00:00:00;9199.99;21.0;7603.3;1596.69;0.0;0.0;2631;0.0;0.0;200;;;False;74163123036047;2024-04-27 00:00:00;Contado
491;A;2024-04-23 00:00:00;121400.0;21.0;100330.58;21069.42;0.0;0.0;2393;20.0;25082.64;300;;;False;74173733467123;2024-05-03 00:00:00;Contado
492;A;2024-04-24 00:00:00;474999.84;21.0;392561.85;82437.99;0.0;0.0;2608;0.0;0.0;700;;;False;74173840435571;2024-05-04 00:00:00;Contado
493;A;2024-04-25 00:00:00;78799.99;21.0;65123.96;13676.03;0.0;0.0;1103;0.0;16280.99;500;;;False;74173980150779;2024-05-05 00:00:00;Contado
494;A;2024-04-30 00:00:00;34574963.5;21.0;28574350.0;6000613.5;0.0;0.0;885;0.0;0.0;600;;;False;74183458108383;2024-05-10 00:00:00;Contado
495;A;2024-05-13 00:00:00;93599.99;21.0;77355.36;16244.63;0.0;0.0;2517;30.0;0.0;400;;;False;74203932102119;2024-05-23 00:00:00;Contado
496;A;2024-05-14 00:00:00;573999.8;21.0;474380.0;99619.8;0.0;0.0;539;35.0;0.0;600;;;False;74203027213834;2024-05-24 00:00:00;Contado
497;A;2024-05-16 00:00:00;319537.48;21.0;264080.56;55456.92;0.0;0.0;2542;25.0;88026.85;400;;;False;74203296365107;2024-05-26 00:00:00;Contado
498;A;2024-05-22 00:00:00;524999.82;21.0;433884.15;91115.67;0.0;0.0;2608;0.0;0.0;700;;;False;74213914653542;2024-06-01 00:00:00;Contado
499;A;2024-05-22 00:00:00;471900.0;21.0;390000.0;81900.0;0.0;0.0;2257;0.0;0.0;600;;;False;74213921117119;2024-06-01 00:00:00;Contado
500;A;2024-05-24 00:00:00;1021799.59;21.0;844462.47;177337.12;0.0;0.0;2238;30.0;0.0;400;;;False;74213141685352;2024-06-03 00:00:00;Contado
501;A;2024-05-28 00:00:00;104999.99;21.0;86776.85;18223.14;0.0;0.0;2688;0.0;0.0;200;;;False;74223513170533;2024-06-07 00:00:00;Contado
502;A;2024-05-30 00:00:00;131890.0;21.0;109000.0;22890.0;0.0;0.0;2575;20.0;0.0;300;;;False;74223756178655;2024-06-09 00:00:00;Contado
503;A;2024-05-31 00:00:00;13570506.95;21.0;11215295.0;2355211.95;0.0;0.0;1051;0.0;0.0;600;;;False;74223917781092;2024-06-10 00:00:00;Contado
504;A;2024-06-04 00:00:00;131999.94;21.0;109090.86;22909.08;0.0;0.0;2357;0.0;0.0;400;;;False;74233320142978;2024-06-14 00:00:00;Contado
505;A;2024-06-06 00:00:00;34652510.43;21.0;28638438.37;6014072.06;0.0;0.0;2020;0.0;0.0;600;;;False;74233557283973;2024-06-16 00:00:00;Contado
506;A;2024-06-06 00:00:00;67599.99;21.0;55867.76;11732.23;0.0;0.0;1055;25.0;0.0;200;;;False;74233573077293;2024-06-16 00:00:00;Contado
507;A;2024-06-10 00:00:00;1056224.92;21.0;872913.16;183311.76;0.0;0.0;2542;25.0;290971.06;400;;;False;74243075801048;2024-06-20 00:00:00;Contado
508;A;2024-06-11 00:00:00;64000.0;21.0;52892.56;11107.44;0.0;0.0;2631;20.0;0.0;200;;;False;74243155073675;2024-06-21 00:00:00;Contado
509;A;2024-06-12 00:00:00;73500.0;21.0;60743.8;12756.2;0.0;0.0;2144;30.0;26033.06;500;;;False;74243253223859;2024-06-22 00:00:00;Contado
510;A;2024-06-13 00:00:00;274999.91;21.0;227272.65;47727.26;0.0;0.0;2608;0.0;0.0;700;;;False;74243378855291;2024-06-23 00:00:00;Contado
511;A;2024-06-19 00:00:00;351999.84;21.0;290908.96;61090.88;0.0;0.0;2357;0.0;0.0;400;;;False;74253002512541;2024-06-29 00:00:00;Contado
512;A;2024-06-24 00:00:00;1158429.44;21.0;957379.7;201049.74;0.0;0.0;1103;0.0;17421.49;500;;;False;74263450723787;2024-07-04 00:00:00;Contado
513;A;2024-06-27 00:00:00;395999.82;21.0;327272.58;68727.24;0.0;0.0;2357;0.0;0.0;400;;;False;74263829270153;2024-07-07 00:00:00;Contado
514;A;2024-06-27 00:00:00;99999.97;21.0;82644.6;17355.37;0.0;0.0;2608;0.0;0.0;700;;;False;74263830766246;2024-07-07 00:00:00;Contado
515;A;2024-06-27 00:00:00;99360.0;21.0;82115.7;17244.3;0.0;0.0;1103;0.0;20528.92;500;;;False;74263871541441;2024-07-07 00:00:00;Contado
516;A;2024-07-02 00:00:00;226399.93;21.0;187107.38;39292.55;0.0;0.0;722;25.0;0.0;200;;;False;74273471420952;2024-07-12 00:00:00;Contado
517;A;2024-07-02 00:00:00;439999.8;21.0;363636.2;76363.6;0.0;0.0;2357;0.0;0.0;400;;;False;74273473375978;2024-07-12 00:00:00;Contado
518;A;2024-07-03 00:00:00;59799.98;21.0;49421.47;10378.51;0.0;0.0;2517;30.0;0.0;400;;;False;74273611923212;2024-07-13 00:00:00;Contado
519;A;2024-07-04 00:00:00;10000.0;21.0;8264.46;1735.54;0.0;0.0;2689;0.0;0.0;300;;;False;74273730137185;2024-07-14 00:00:00;Contado
520;A;2024-07-10 00:00:00;196299.99;21.0;162231.4;34068.59;0.0;0.0;539;35.0;87355.37;600;;;False;74283395861537;2024-07-20 00:00:00;Contado
521;A;2024-07-12 00:00:00;92759.99;21.0;76661.15;16098.84;0.0;0.0;362;20.0;19165.29;700;;;False;74283642422493;2024-07-22 00:00:00;Contado
522;A;2024-07-12 00:00:00;270112.5;21.0;223233.47;46879.03;0.0;0.0;2382;25.0;74411.16;300;;;False;74283644223109;2024-07-22 00:00:00;Contado
523;A;2024-07-12 00:00:00;24999.99;21.0;20661.15;4338.84;0.0;0.0;2517;30.0;0.0;400;;;False;74283644674700;2024-07-22 00:00:00;Contado
524;A;2024-07-15 00:00:00;290400.0;21.0;240000.0;50400.0;0.0;0.0;2679;20.0;60000.0;300;;;False;74293923942047;2024-07-25 00:00:00;Contado
525;A;2024-07-16 00:00:00;1424999.52;21.0;1177685.55;247313.97;0.0;0.0;2608;0.0;0.0;700;;;False;74293039650445;2024-07-26 00:00:00;Contado
526;A;2024-07-23 00:00:00;25800.0;21.0;21322.31;4477.69;0.0;0.0;722;25.0;0.0;200;;;False;74303839635454;2024-08-02 00:00:00;Contado
527;A;2024-07-24 00:00:00;19599.99;21.0;16198.34;3401.65;0.0;0.0;611;20.0;0.0;200;;;False;74303965144202;2024-08-03 00:00:00;Contado
528;A;2024-07-24 00:00:00;184799.98;21.0;152727.26;32072.72;0.0;0.0;611;20.0;38181.82;200;;;False;74303968349225;2024-08-03 00:00:00;Contado
529;A;2024-07-24 00:00:00;876535.7;21.0;724409.67;152126.03;0.0;0.0;1370;0.0;0.0;600;;;False;74303996354365;2024-08-03 00:00:00;Contado
530;A;2024-07-25 00:00:00;428559.99;21.0;354181.81;74378.18;0.0;0.0;2470;20.0;88545.45;300;;;False;74303070610339;2024-08-04 00:00:00;Contado
531;A;2024-07-30 00:00:00;299999.9;21.0;247933.8;52066.1;0.0;0.0;472;0.0;0.0;100;;;False;74313606215575;2024-08-09 00:00:00;Contado
532;A;2024-07-31 00:00:00;27889608.23;21.0;23049263.0;4840345.23;0.0;0.0;2695;0.0;0.0;600;;;False;74313783424603;2024-08-10 00:00:00;Contado
533;A;2024-08-02 00:00:00;29252597.0;21.0;24175700.0;5076897.0;0.0;0.0;2020;0.0;0.0;600;;;False;74313060960139;2024-08-12 00:00:00;Contado
534;A;2024-08-14 00:00:00;474999.84;21.0;392561.85;82437.99;0.0;0.0;2608;0.0;0.0;700;;;False;74333436900147;2024-08-24 00:00:00;Contado
535;A;2024-08-19 00:00:00;59999.99;21.0;49586.77;10413.22;0.0;0.0;387;25.0;0.0;500;;;False;74343950428164;2024-08-29 00:00:00;Contado
536;A;2024-08-21 00:00:00;439999.8;21.0;363636.2;76363.6;0.0;0.0;2357;0.0;0.0;400;;;False;74343183105403;2024-08-31 00:00:00;Contado
537;A;2024-08-21 00:00:00;4302022.77;21.0;3555390.72;746632.05;0.0;0.0;2698;0.0;0.0;600;;;False;74343199329940;2024-08-31 00:00:00;Contado
538;A;2024-08-22 00:00:00;439999.8;21.0;363636.2;76363.6;0.0;0.0;2357;0.0;0.0;400;;;False;74343311391066;2024-09-01 00:00:00;Contado
539;A;2024-08-23 00:00:00;399999.86;21.0;330578.4;69421.46;0.0;0.0;2608;0.0;0.0;700;;;False;74343435629643;2024-09-02 00:00:00;Contado
540;A;2024-09-10 00:00:00;35599.99;21.0;29421.48;6178.51;0.0;0.0;722;25.0;0.0;200;;;False;74373524209837;2024-09-20 00:00:00;Contado
541;A;2024-09-17 00:00:00;198743.99;21.0;164251.23;34492.76;0.0;0.0;2499;25.0;0.0;700;;;False;74383321153569;2024-09-27 00:00:00;Contado
542;A;2024-09-19 00:00:00;192399.99;21.0;159008.26;33391.73;0.0;0.0;2224;0.0;0.0;600;;;False;74383601423424;2024-09-29 00:00:00;Contado
543;A;2024-09-26 00:00:00;1453222.46;21.0;1201010.3;252212.16;0.0;0.0;352;25.0;400336.77;200;;;False;74393363733832;2024-10-06 00:00:00;Contado
544;A;2024-10-08 00:00:00;849999.71;21.0;702479.1;147520.61;0.0;0.0;2608;0.0;0.0;700;;;False;74413821417678;2024-10-18 00:00:00;Contado
545;A;2024-10-10 00:00:00;263999.88;21.0;218181.72;45818.16;0.0;0.0;2357;0.0;0.0;400;;;False;74413047250479;2024-10-20 00:00:00;Contado
546;A;2024-10-24 00:00:00;48000.0;21.0;39669.42;8330.58;0.0;0.0;2182;25.0;0.0;300;;;False;74433611894976;2024-11-03 00:00:00;Contado
547;A;2024-10-24 00:00:00;7623997.04;21.0;6300824.0;1323173.04;0.0;0.0;2711;0.0;0.0;600;;;False;74433622791786;2024-11-03 00:00:00;Contado
548;A;2024-10-29 00:00:00;355399.86;21.0;293718.89;61680.97;0.0;0.0;2238;30.0;0.0;400;;;False;74443156930348;2024-11-08 00:00:00;Contado
549;A;2024-10-30 00:00:00;274999.91;21.0;227272.65;47727.26;0.0;0.0;2608;0.0;0.0;700;;;False;74443265246139;2024-11-09 00:00:00;Contado
550;A;2024-10-31 00:00:00;121000.0;21.0;100000.0;21000.0;0.0;0.0;2242;0.0;0.0;1000;;;False;74443403967479;2024-11-10 00:00:00;Contado
551;A;2024-10-31 00:00:00;144750.0;21.0;119628.1;25121.9;0.0;0.0;2518;25.0;0.0;300;;;False;74443411391481;2024-11-10 00:00:00;Contado
552;A;2024-10-31 00:00:00;76725.0;21.0;63409.09;13315.91;0.0;0.0;2518;25.0;21136.36;300;;;False;74443411561261;2024-11-10 00:00:00;Contado
553;A;2024-11-06 00:00:00;6837907.23;21.0;5651163.0;1186744.23;0.0;0.0;2011;0.0;0.0;100;;;False;74453174317814;2024-11-16 00:00:00;Contado
554;A;2024-11-06 00:00:00;307840.0;21.0;254413.22;53426.78;0.0;0.0;545;20.0;63603.3;1000;;;False;74453200141033;2024-11-16 00:00:00;Contado
555;A;2024-11-06 00:00:00;307840.0;21.0;254413.22;53426.78;0.0;0.0;545;20.0;63603.3;1000;;;False;74453203084822;2024-11-16 00:00:00;Contado
556;A;2024-11-06 00:00:00;307840.0;21.0;254413.22;53426.78;0.0;0.0;2329;20.0;63603.3;1000;;;False;74453204802446;2024-11-16 00:00:00;Contado
557;A;2024-11-25 00:00:00;212940.0;21.0;175983.47;36956.53;0.0;0.0;921;25.0;58661.16;300;;;False;74483387659267;2024-12-05 00:00:00;Contado
558;A;2024-11-25 00:00:00;1003079.97;21.0;828991.71;174088.26;0.0;0.0;921;25.0;276330.57;300;;;False;74483387723599;2024-12-05 00:00:00;Contado
559;A;2024-11-26 00:00:00;1134599.94;21.0;937685.9;196914.04;0.0;0.0;2542;25.0;312561.97;400;;;False;74483519479942;2024-12-06 00:00:00;Contado
560;A;2024-11-27 00:00:00;574999.8;21.0;475206.45;99793.35;0.0;0.0;2608;0.0;0.0;700;;;False;74483665722161;2024-12-07 00:00:00;Contado
561;A;2024-12-03 00:00:00;53999.98;21.0;44628.08;9371.9;0.0;0.0;2182;25.0;0.0;300;;;False;74493447201598;2024-12-13 00:00:00;Contado
562;A;2024-12-10 00:00:00;142012.5;21.0;117365.7;24646.8;0.0;0.0;2375;25.0;39121.9;300;;;False;74503374910178;2024-12-20 00:00:00;Contado
563;A;2024-12-16 00:00:00;599999.8;21.0;495867.6;104132.2;0.0;0.0;2608;0.0;0.0;700;;;False;74513124577447;2024-12-26 00:00:00;Contado
564;A;2024-12-30 00:00:00;424999.86;21.0;351239.55;73760.31;0.0;0.0;2608;0.0;0.0;700;;;False;74533890031083;2025-01-09 00:00:00;Contado
565;A;2025-01-02 00:00:00;161999.98;21.0;133884.28;28115.7;0.0;0.0;2588;20.0;0.0;300;;;False;75013203410193;2025-01-12 00:00:00;Contado
566;A;2025-01-06 00:00:00;109999.95;21.0;90909.05;19090.9;0.0;0.0;2357;0.0;0.0;400;;;False;75013678240741;2025-01-16 00:00:00;Contado
567;A;2025-01-14 00:00:00;219999.9;21.0;181818.1;38181.8;0.0;0.0;2357;0.0;0.0;400;;;False;75023696448354;2025-01-24 00:00:00;Contado
568;A;2025-01-17 00:00:00;42499.98;21.0;35123.95;7376.03;0.0;0.0;722;25.0;0.0;200;;;False;75033055056601;2025-01-27 00:00:00;Contado
569;A;2025-01-17 00:00:00;219999.9;21.0;181818.1;38181.8;0.0;0.0;2357;0.0;0.0;400;;;False;75033056259382;2025-01-27 00:00:00;Contado
570;A;2025-01-17 00:00:00;16000.0;21.0;13223.14;2776.86;0.0;0.0;2575;20.0;0.0;300;;;False;75033076667844;2025-01-27 00:00:00;Contado
571;A;2025-01-21 00:00:00;447384.67;21.0;369739.4;77645.27;0.0;0.0;918;0.0;0.0;400;;;False;75033472093522;2025-01-31 00:00:00;Contado
572;A;2025-01-24 00:00:00;131999.94;21.0;109090.86;22909.08;0.0;0.0;2357;0.0;0.0;400;;;False;75043864647430;2025-02-03 00:00:00;Contado
573;A;2025-01-31 00:00:00;151480.0;21.0;125190.08;26289.92;0.0;0.0;345;0.0;31297.52;200;;;False;75053648457983;2025-02-10 00:00:00;Contado
574;A;2025-02-05 00:00:00;26662569.68;21.0;22035181.55;4627388.13;0.0;0.0;2020;0.0;0.0;600;;;False;75063242850595;2025-02-15 00:00:00;Contado
575;A;2025-02-05 00:00:00;749999.75;21.0;619834.5;130165.25;0.0;0.0;2608;0.0;0.0;700;;;False;75063252598337;2025-02-15 00:00:00;Contado
576;A;2025-02-12 00:00:00;571099.99;21.0;471983.46;99116.53;0.0;0.0;2731;0.0;0.0;700;;;False;75073121768872;2025-02-22 00:00:00;Contado
577;A;2025-02-12 00:00:00;18733732.56;21.0;15482423.6;3251308.96;0.0;0.0;2020;0.0;0.0;600;;;False;75073142132009;2025-02-22 00:00:00;Contado
578;A;2025-02-12 00:00:00;31146103.68;21.0;25740581.55;5405522.13;0.0;0.0;2020;0.0;0.0;600;;;False;75073142512247;2025-02-22 00:00:00;Contado
579;A;2025-02-14 00:00:00;49999.98;21.0;41322.3;8677.68;0.0;0.0;2517;30.0;0.0;400;;;False;75073412598126;2025-02-24 00:00:00;Contado
580;A;2025-02-18 00:00:00;219999.9;21.0;181818.1;38181.8;0.0;0.0;2357;0.0;0.0;400;;;False;75073848668639;2025-02-28 00:00:00;Contado
581;A;2025-02-25 00:00:00;624999.79;21.0;516528.75;108471.04;0.0;0.0;2608;0.0;0.0;700;;;False;75083648707771;2025-03-07 00:00:00;Contado
582;A;2025-02-25 00:00:00;32000.0;21.0;26446.28;5553.72;0.0;0.0;2517;30.0;0.0;400;;;False;75083667266382;2025-03-07 00:00:00;Contado
583;A;2025-03-07 00:00:00;153920.0;21.0;127206.61;26713.39;0.0;0.0;2660;20.0;31801.65;300;;;False;75103903063357;2025-03-17 00:00:00;Contado
584;A;2025-03-07 00:00:00;480814.72;21.0;397367.54;83447.18;0.0;0.0;539;35.0;213967.15;600;;;False;75103904299988;2025-03-17 00:00:00;Contado
585;A;2025-03-10 00:00:00;49999.98;21.0;41322.3;8677.68;0.0;0.0;2517;30.0;0.0;400;;;False;75103240982553;2025-03-20 00:00:00;Contado
586;A;2025-03-13 00:00:00;766711.85;21.0;633646.16;133065.69;0.0;0.0;2270;25.0;0.0;400;;;False;75113629289313;2025-03-23 00:00:00;Contado
587;A;2025-03-20 00:00:00;724999.75;21.0;599173.35;125826.4;0.0;0.0;2608;0.0;0.0;700;;;False;75123498320401;2025-03-30 00:00:00;Contado
588;A;2025-03-28 00:00:00;138999.97;21.0;114876.01;24123.96;0.0;0.0;2517;30.0;0.0;400;;;False;75133429808509;2025-04-07 00:00:00;Contado
589;A;2025-03-31 00:00:00;10704265.0;21.0;8846500.0;1857765.0;0.0;0.0;1051;0.0;0.0;600;;;False;75133888450883;2025-04-10 00:00:00;Contado
590;A;2025-04-28 00:00:00;424999.86;21.0;351239.55;73760.31;0.0;0.0;2608;0.0;0.0;700;;;False;75173034468186;2025-05-08 00:00:00;Contado
591;A;2025-05-02 00:00:00;99999.97;21.0;82644.6;17355.37;0.0;0.0;2517;30.0;0.0;400;;;False;75183479023274;2025-05-12 00:00:00;Contado
592;A;2025-05-06 00:00:00;97499.99;21.0;80578.5;16921.49;0.0;0.0;2575;20.0;0.0;300;;;False;75183981079188;2025-05-16 00:00:00;Contado
593;A;2025-05-06 00:00:00;749999.75;21.0;619834.5;130165.25;0.0;0.0;2608;0.0;0.0;700;;;False;75183022239648;2025-05-16 00:00:00;Contado
594;A;2025-05-22 00:00:00;25499.99;21.0;21074.37;4425.62;0.0;0.0;2717;0.0;0.0;600;;;False;75213994223753;2025-06-01 00:00:00;Contado
595;A;2025-05-22 00:00:00;192399.99;21.0;159008.26;33391.73;0.0;0.0;2745;0.0;0.0;100;;;False;75213994835577;2025-06-01 00:00:00;Contado
596;A;2025-05-27 00:00:00;249999.92;21.0;206611.5;43388.42;0.0;0.0;2608;0.0;0.0;700;;;False;75213503476871;2025-06-06 00:00:00;Contado
597;A;2025-05-29 00:00:00;740988.39;21.0;612387.1;128601.29;0.0;0.0;2270;25.0;0.0;400;;;False;75223776342100;2025-06-08 00:00:00;Contado
598;A;2025-06-03 00:00:00;206499.94;21.0;170661.11;35838.83;0.0;0.0;2517;30.0;0.0;400;;;False;75223377405417;2025-06-13 00:00:00;Contado
599;A;2025-06-06 00:00:00;65999.98;21.0;54545.44;11454.54;0.0;0.0;722;25.0;0.0;200;;;False;75233827490548;2025-06-16 00:00:00;Contado
600;A;2025-06-06 00:00:00;507499.77;21.0;419421.3;88078.47;0.0;0.0;2238;30.0;0.0;400;;;False;75233828586654;2025-06-16 00:00:00;Contado
601;A;2025-06-10 00:00:00;424999.86;21.0;351239.55;73760.31;0.0;0.0;2608;0.0;0.0;700;;;False;75233285583531;2025-06-20 00:00:00;Contado
602;A;2025-06-11 00:00:00;26450884.35;21.0;21860235.0;4590649.35;0.0;0.0;2020;0.0;0.0;600;;;False;75243412976317;2025-06-21 00:00:00;Contado
603;A;2025-06-11 00:00:00;99999.97;21.0;82644.6;17355.37;0.0;0.0;2517;30.0;0.0;400;;;False;75243448210933;2025-06-21 00:00:00;Contado
604;A;2025-06-12 00:00:00;349999.88;21.0;289256.1;60743.78;0.0;0.0;2608;0.0;0.0;700;;;False;75243560300205;2025-06-22 00:00:00;Contado
605;A;2025-06-25 00:00:00;65999.98;21.0;54545.44;11454.54;0.0;0.0;2517;30.0;0.0;400;;;False;75263966607329;2025-07-05 00:00:00;Contado
606;A;2025-06-30 00:00:00;199999.93;21.0;165289.2;34710.73;0.0;0.0;2608;0.0;0.0;700;;;False;75263559164355;2025-07-10 00:00:00;Contado
607;A;2025-06-30 00:00:00;81840.0;21.0;67636.36;14203.64;0.0;0.0;2094;20.0;16909.09;300;;;False;75263621328690;2025-07-10 00:00:00;Contado
608;A;2025-07-01 00:00:00;374999.87;21.0;309917.25;65082.62;0.0;0.0;2608;0.0;0.0;700;;;False;75263715251326;2025-07-11 00:00:00;Contado
609;A;2025-07-02 00:00:00;528194.98;21.0;436524.78;91670.2;0.0;0.0;921;25.0;145508.26;300;;;False;75273938311710;2025-07-12 00:00:00;Contado
610;A;2025-07-04 00:00:00;40999.99;21.0;33884.29;7115.7;0.0;0.0;2517;30.0;0.0;400;;;False;75273147103144;2025-07-14 00:00:00;Contado
611;A;2025-07-08 00:00:00;16000.0;21.0;13223.14;2776.86;0.0;0.0;722;25.0;0.0;200;;;False;75273686906485;2025-07-18 00:00:00;Contado
612;A;2025-07-14 00:00:00;97959.99;21.0;80958.67;17001.32;0.0;0.0;2315;0.0;20239.67;300;;;False;75283375173636;2025-07-24 00:00:00;Contado
613;A;2025-07-15 00:00:00;12176680.12;21.0;10063372.0;2113308.12;0.0;0.0;1051;0.0;0.0;600;;;False;75283554570117;2025-07-25 00:00:00;Contado
614;A;2025-07-16 00:00:00;65999.98;21.0;54545.44;11454.54;0.0;0.0;2517;30.0;0.0;400;;;False;75293649123224;2025-07-26 00:00:00;Contado
615;A;2025-07-17 00:00:00;99999.97;21.0;82644.6;17355.37;0.0;0.0;2608;0.0;0.0;700;;;False;75293756360359;2025-07-27 00:00:00;Contado
616;A;2025-07-24 00:00:00;933657.93;21.0;771618.12;162039.81;0.0;0.0;2270;25.0;0.0;400;;;False;75303609518208;2025-08-03 00:00:00;Contado
617;A;2025-07-25 00:00:00;124999.96;21.0;103305.75;21694.21;0.0;0.0;2608;0.0;0.0;700;;;False;75303734573637;2025-08-04 00:00:00;Contado
618;A;2025-07-29 00:00:00;299999.9;21.0;247933.8;52066.1;0.0;0.0;2608;0.0;0.0;700;;;False;75303147705589;2025-08-08 00:00:00;Contado
619;A;2025-08-11 00:00:00;99999.97;21.0;82644.6;17355.37;0.0;0.0;2608;0.0;0.0;700;;;False;75323885507050;2025-08-21 00:00:00;Contado
620;A;2025-08-11 00:00:00;317999.94;21.0;262809.87;55190.07;0.0;0.0;2554;20.0;0.0;300;;;False;75323891258064;2025-08-21 00:00:00;Contado
621;A;2025-08-12 00:00:00;224999.92;21.0;185950.35;39049.57;0.0;0.0;2608;0.0;0.0;700;;;False;75323992567986;2025-08-22 00:00:00;Contado
622;A;2025-08-14 00:00:00;288199.99;21.0;238181.81;50018.18;0.0;0.0;352;25.0;0.0;200;;;False;75333263933474;2025-08-24 00:00:00;Contado
623;A;2025-08-14 00:00:00;235499.99;21.0;194628.09;40871.9;0.0;0.0;1055;25.0;0.0;200;;;False;75333264079797;2025-08-24 00:00:00;Contado
624;A;2025-08-28 00:00:00;164680.0;21.0;136099.17;28580.83;0.0;0.0;433;20.0;34024.79;100;;;False;75353925969043;2025-09-07 00:00:00;Contado
625;A;2025-09-09 00:00:00;101999.95;21.0;84297.48;17702.47;0.0;0.0;2554;20.0;0.0;300;;;False;75363504669433;2025-09-19 00:00:00;Contado
626;A;2025-09-16 00:00:00;683548.48;21.0;564916.1;118632.38;0.0;0.0;2270;25.0;0.0;400;;;False;75373339786881;2025-09-26 00:00:00;Contado
627;A;2025-09-16 00:00:00;474999.84;21.0;392561.85;82437.99;0.0;0.0;2608;0.0;0.0;700;;;False;75373349770439;2025-09-26 00:00:00;Contado
628;A;2025-09-18 00:00:00;724519.96;21.0;598776.83;125743.13;0.0;0.0;2701;0.0;0.0;100;;;False;75383634002504;2025-09-28 00:00:00;Contado
629;A;2025-09-18 00:00:00;44999.96;21.0;37190.05;7809.91;0.0;0.0;722;25.0;0.0;200;;;False;75383638513277;2025-09-28 00:00:00;Contado
630;A;2025-09-22 00:00:00;70399.98;21.0;58181.8;12218.18;0.0;0.0;2517;30.0;0.0;400;;;False;75383022418589;2025-10-02 00:00:00;Contado
631;A;2025-10-02 00:00:00;99999.97;21.0;82644.6;17355.37;0.0;0.0;2608;0.0;0.0;700;;;False;75403303737646;2025-10-12 00:00:00;Contado
632;A;2025-10-02 00:00:00;124999.96;21.0;103305.75;21694.21;0.0;0.0;2608;0.0;0.0;700;;;False;75403305625829;2025-10-12 00:00:00;Contado
633;A;2025-10-14 00:00:00;374999.87;21.0;309917.25;65082.62;0.0;0.0;2357;0.0;0.0;400;;;False;75413839971690;2025-10-24 00:00:00;Contado
634;A;2025-10-14 00:00:00;274999.91;21.0;227272.65;47727.26;0.0;0.0;2608;0.0;0.0;700;;;False;75413906708305;2025-10-24 00:00:00;Contado
635;A;2025-10-21 00:00:00;349999.88;21.0;289256.1;60743.78;0.0;0.0;2357;0.0;0.0;400;;;False;75423706484011;2025-10-31 00:00:00;Contado
636;A;2025-10-23 00:00:00;274999.91;21.0;227272.65;47727.26;0.0;0.0;2608;0.0;0.0;700;;;False;75433981352381;2025-11-02 00:00:00;Contado
637;A;2025-10-29 00:00:00;25986888.68;21.0;21476767.5;4510121.18;0.0;0.0;2011;0.0;0.0;100;;;False;75443661934149;2025-11-08 00:00:00;Contado
638;A;2025-11-03 00:00:00;2991364.92;21.0;2472202.41;519162.51;0.0;0.0;171;35.0;1331185.92;100;;;False;75443299303898;2025-11-13 00:00:00;Contado
639;A;2025-11-04 00:00:00;324999.89;21.0;268594.95;56404.94;0.0;0.0;2608;0.0;0.0;700;;;False;75443474655637;2025-11-14 00:00:00;Contado
640;A;2025-11-04 00:00:00;24999.99;21.0;20661.15;4338.84;0.0;0.0;2608;0.0;0.0;700;;;False;75443475251097;2025-11-14 00:00:00;Contado
641;A;2025-11-13 00:00:00;33999.98;21.0;28099.16;5900.82;0.0;0.0;2517;30.0;0.0;400;;;False;75463722876524;2025-11-23 00:00:00;Contado
642;A;2025-11-14 00:00:00;112119.99;21.0;92661.15;19458.84;0.0;0.0;2518;25.0;23165.29;300;;;False;75463873236669;2025-11-24 00:00:00;Contado
643;A;2025-11-17 00:00:00;311999.95;21.0;257851.2;54148.75;0.0;0.0;2357;0.0;0.0;400;;;False;75463199784848;2025-11-27 00:00:00;Contado
644;A;2025-11-18 00:00:00;707488.43;21.0;584701.18;122787.25;0.0;0.0;2270;25.0;0.0;400;;;False;75463329768470;2025-11-28 00:00:00;Contado
645;A;2025-11-18 00:00:00;324999.89;21.0;268594.95;56404.94;0.0;0.0;2608;0.0;0.0;700;;;False;75463331102780;2025-11-28 00:00:00;Contado
646;A;2025-11-20 00:00:00;259999.96;21.0;214876.0;45123.96;0.0;0.0;2357;0.0;0.0;400;;;False;75473599584173;2025-11-30 00:00:00;Contado
647;A;2025-11-26 00:00:00;199999.93;21.0;165289.2;34710.73;0.0;0.0;2608;0.0;0.0;700;;;False;75483267536085;2025-12-06 00:00:00;Contado
648;A;2025-12-02 00:00:00;389999.94;21.0;322314.0;67685.94;0.0;0.0;2357;0.0;0.0;400;;;False;75483108900069;2025-12-12 00:00:00;Contado
649;A;2025-12-03 00:00:00;274650.41;21.0;226983.81;47666.6;0.0;0.0;918;0.0;0.0;400;;;False;75493271057482;2025-12-13 00:00:00;Contado
650;A;2025-12-04 00:00:00;124999.96;21.0;103305.75;21694.21;0.0;0.0;2608;0.0;0.0;700;;;False;75493415281648;2025-12-14 00:00:00;Contado
651;A;2025-12-15 00:00:00;335999.91;21.0;277685.88;58314.03;0.0;0.0;2608;0.0;0.0;700;;;False;75503848805686;2025-12-25 00:00:00;Contado
652;A;2025-12-18 00:00:00;167999.96;21.0;138842.94;29157.02;0.0;0.0;2608;0.0;0.0;700;;;False;75513314509777;2025-12-28 00:00:00;Contado
653;A;2025-12-19 00:00:00;788999.87;21.0;652066.01;136933.86;0.0;0.0;2357;0.0;0.0;400;;;False;75513469364979;2025-12-29 00:00:00;Contado
654;A;2025-12-26 00:00:00;2559000.44;21.0;2114876.4;444124.04;0.0;0.0;2357;0.0;0.0;400;;;False;75523359304292;2026-01-05 00:00:00;Contado
655;A;2025-12-26 00:00:00;259999.96;21.0;214876.0;45123.96;0.0;0.0;2357;0.0;0.0;400;;;False;75523376611889;2026-01-05 00:00:00;Contado
656;A;2026-01-07 00:00:00;419999.89;21.0;347107.35;72892.54;0.0;0.0;2357;0.0;0.0;400;;;False;76013939258801;2026-01-17 00:00:00;Contado
657;A;2026-01-08 00:00:00;528600.0;21.0;436859.5;91740.5;0.0;0.0;2689;20.0;109214.87;300;;;False;76023083109602;2026-01-18 00:00:00;Contado
658;A;2026-01-14 00:00:00;559999.86;21.0;462809.8;97190.06;0.0;0.0;2608;0.0;0.0;700;;;False;76023810892003;2026-01-24 00:00:00;Contado
659;A;2026-01-15 00:00:00;2437874.97;21.0;2014772.7;423102.27;0.0;0.0;2182;25.0;671590.9;300;;;False;86030037212734;2026-01-25 00:00:00;Contado
660;A;2026-01-21 00:00:00;279999.93;21.0;231404.9;48595.03;0.0;0.0;2357;0.0;0.0;400;;;False;86030745163284;2026-01-31 00:00:00;Contado
661;A;2026-01-21 00:00:00;903714.42;21.0;746871.42;156843.0;0.0;0.0;2270;25.0;0.0;400;;;False;86030791756326;2026-01-31 00:00:00;Contado
662;A;2026-01-29 00:00:00;279999.93;21.0;231404.9;48595.03;0.0;0.0;2657;0.0;0.0;1000;;;False;86051723551849;2026-02-08 00:00:00;Contado
663;A;2026-01-29 00:00:00;279999.93;21.0;231404.9;48595.03;0.0;0.0;2357;0.0;0.0;400;;;False;86051723621457;2026-02-08 00:00:00;Contado
664;A;2026-02-03 00:00:00;309999.92;21.0;256198.28;53801.64;0.0;0.0;2588;20.0;0.0;300;;;False;86052440844819;2026-02-13 00:00:00;Contado
665;A;2026-02-04 00:00:00;26699.99;21.0;22066.11;4633.88;0.0;0.0;2517;30.0;0.0;400;;;False;86052542077581;2026-02-14 00:00:00;Contado
1;B;2016-05-17 00:00:00;34925.73;0.0;28864.24;6061.49;0.0;0.0;2074;0.0;0.0;600;;;False;66203037768001;2016-05-27 00:00:00;Contado
2;B;2016-05-18 00:00:00;42547.53;0.0;35163.25;7384.28;0.0;0.0;2074;0.0;0.0;600;;;False;66203056745742;2016-05-28 00:00:00;Contado
3;B;2016-06-09 00:00:00;1322.99;0.0;1093.38;229.61;5.0;0.0;323;0.0;0.0;300;;;False;66233462048865;2016-06-19 00:00:00;Contado
4;B;2016-06-09 00:00:00;1322.99;0.0;1093.38;229.61;5.0;0.0;323;0.0;0.0;300;;;False;66233462065619;2016-06-19 00:00:00;Contado
5;B;2017-05-17 00:00:00;3431.99;0.0;2836.36;595.64;0.0;0.0;2146;0.0;858.0;100;;;False;67203744525341;2017-05-27 00:00:00;Contado
6;B;2017-06-15 00:00:00;1840.0;0.0;1520.66;319.34;0.0;0.0;2157;0.0;0.0;200;;;False;67243325108944;2017-06-25 00:00:00;Contado
7;B;2018-03-27 00:00:00;14167.97;0.0;11709.07;2458.9;3.5;0.0;48;20.0;3542.0;200;;;False;68133533021993;2018-04-06 00:00:00;Contado
8;B;2018-03-27 00:00:00;4364.0;0.0;3606.61;757.39;3.5;0.0;48;20.0;0.0;200;;;False;68133533153412;2018-04-06 00:00:00;Contado
9;B;2018-06-25 00:00:00;7421.25;0.0;6133.26;1287.98;0.0;0.0;2226;25.0;2473.75;500;;;False;68263581098149;2018-07-05 00:00:00;Contado
10;B;2018-06-25 00:00:00;3551.25;0.0;2934.92;616.33;0.0;0.0;2226;25.0;1183.75;500;;;False;68263581308444;2018-07-05 00:00:00;Contado
11;B;2018-07-17 00:00:00;3555.0;0.0;2938.02;616.98;2.5;0.0;2226;25.0;0.0;500;;;False;68293110574447;2018-07-27 00:00:00;Contado
12;B;2018-08-14 00:00:00;3348.75;0.0;2767.56;581.19;2.5;0.0;2226;25.0;1116.25;500;;;False;68333785794990;2018-08-24 00:00:00;Contado
13;B;2018-11-08 00:00:00;5180.0;0.0;4280.99;899.01;0.0;0.0;2247;0.0;0.0;200;;;False;68453944776064;2018-11-18 00:00:00;Contado
14;B;2019-01-09 00:00:00;78687.84;0.0;65031.27;13656.57;2.5;0.0;1042;0.0;19671.96;400;;;False;69023491163342;2019-01-19 00:00:00;Contado
15;B;2019-02-06 00:00:00;2199.99;0.0;1818.17;381.82;2.5;0.0;1201;20.0;550.0;300;;;False;69063167132411;2019-02-16 00:00:00;Contado
16;B;2019-07-01 00:00:00;106914.65;0.0;88359.21;18555.43;2.5;0.0;1042;0.0;0.0;400;;;False;69263308998980;2019-07-11 00:00:00;Contado
17;B;2019-07-25 00:00:00;9094.99;0.0;7516.52;1578.47;0.0;0.0;2319;0.0;0.0;200;;;False;69303111673628;2019-08-04 00:00:00;Contado
18;B;2020-09-02 00:00:00;22907.99;0.0;18932.22;3975.77;0.0;0.0;2146;0.0;5727.0;100;;;False;70363862208889;2020-09-12 00:00:00;Contado
19;B;2020-09-28 00:00:00;798.0;0.0;659.5;138.5;0.0;0.0;2396;0.0;0.0;300;;;False;70393805362466;2020-10-08 00:00:00;Contado
20;B;2021-01-18 00:00:00;65430.0;0.0;54074.38;11355.62;0.0;0.0;2396;0.0;0.0;300;;;False;71033458829339;2021-01-28 00:00:00;Contado
21;B;2021-03-08 00:00:00;10.0;0.0;8.26;1.74;0.4;0.0;2227;0.0;0.0;1000;;;False;71103819496240;2021-03-18 00:00:00;Contado
22;B;2021-03-08 00:00:00;7.5;0.0;6.2;1.3;0.1;0.0;689;25.0;0.0;200;;;False;71103819641545;2021-03-18 00:00:00;Contado
23;B;2021-05-04 00:00:00;13704.99;0.0;11326.44;2378.55;0.0;0.0;2396;0.0;0.0;300;;;False;71183669045742;2021-05-14 00:00:00;Contado
24;B;2021-05-19 00:00:00;9660.0;0.0;7983.47;1676.53;0.0;0.0;2477;0.0;0.0;500;;;False;71203413595592;2021-05-29 00:00:00;Contado
25;B;2021-08-11 00:00:00;52000.0;0.0;42975.21;9024.79;0.0;0.0;2496;0.0;0.0;100;;;False;71323042502637;2021-08-21 00:00:00;Contado
26;B;2024-11-06 00:00:00;307839.98;0.0;254413.21;53426.77;0.0;0.0;545;20.0;76960.0;1000;;;False;74453205378067;2024-11-16 00:00:00;Contado
