NroNotaCredito;TipoNotaCredito;ItemNotaCredito;IDCodProd;Cantidad;PrecioUnitario;PorcentajeDescuento;TotalLinea;UnidadMedida;ImporteDescuento
2;A;1;180;1;1.0;0;1.0;C/U;0.0
3;A;1;180;1;3041.32;0;3041.32;C/U;0.0
4;A;1;180;1;1.0;0;1.0;C/U;0.0
5;A;1;180;1;0.75;0;0.75;C/U;0.0
6;A;2;75;1;1302.47;20;1041.98;C/U;260.49
7;A;1;75;2;1302.47;25;1953.71;C/U;651.24
7;A;2;65;1;1093.38;25;820.04;C/U;273.35
8;A;3;180;15;2335.28;0;35029.2;C/U;0.0
9;A;1;RES;40;200.0;0;8000.0;;0.0
10;A;1;RES;64;206.61;0;13223.04;;0.0
11;A;1;65;1;710.4;0;710.4;C/U;0.0
11;A;2;75;4;807.3;0;3229.2;C/U;0.0
11;A;3;110C;1;1362.04;0;1362.04;C/U;0.0
11;A;4;45FKA;1;807.3;0;807.3;C/U;0.0
11;A;5;50;1;328.92;0;328.92;C/U;0.0
12;A;1;48V270A;1;50009.4;0;50009.4;C/U;0.0
13;A;1;110C;4;2062.8;20;6600.96;C/U;1650.24
13;A;2;65;2;1093.38;20;1749.41;C/U;437.35
14;A;1;180;1;4866.11;0;4866.11;C/U;0.0
15;A;1;65;1;1093.38;20;874.7;C/U;218.68
15;A;2;75;2;1302.47;20;2083.95;C/U;520.99
16;A;1;PLOMO;23953;26.5;0;634754.5;KG;0.0
17;A;1;ERR;1;869.27;0;869.27;cmbUnidadMedida;0.0
18;A;1;75;2;1302.47;20;2083.95;C/U;520.99
18;A;2;65;2;1093.38;20;1749.41;C/U;437.35
18;A;3;100SP;1;2062.8;20;1650.24;C/U;412.56
19;A;1;45FIT;1;1544.62;25;1158.47;C/U;386.16
19;A;2;65;1;1093.38;25;820.04;C/U;273.35
19;A;3;75;1;1302.47;25;976.85;C/U;325.62
20;A;1;48V380AH;1;91735.53;0;91735.53;C/U;0.0
21;A;1;75;1;1041.98;0;1041.98;C/U;0.0
22;A;1;180;1;3041.32;0;3041.32;C/U;0.0
23;A;1;RES;20;200.0;0;4000.0;;0.0
24;A;1;180;4;2333.59;0;9334.36;C/U;0.0
25;A;1;75;50;901.0;0;45050.0;C/U;0.0
25;A;2;65;15;793.0;0;11895.0;C/U;0.0
25;A;3;100;15;1497.0;0;22455.0;C/U;0.0
25;A;4;110C;15;1497.0;0;22455.0;C/U;0.0
25;A;5;120;5;1621.0;0;8105.0;C/U;0.0
25;A;6;45R12;2;1049.0;0;2098.0;C/U;0.0
25;A;7;240;2;2827.0;0;5654.0;C/U;0.0
26;A;1;180;1;2326.03;0;2326.03;C/U;0.0
27;A;1;240;2;2827.0;0;5654.0;C/U;0.0
27;A;2;45R12;1;1049.0;0;1049.0;C/U;0.0
27;A;3;45FKA;10;902.0;0;9020.0;C/U;0.0
27;A;4;180;5;2224.0;0;11120.0;C/U;0.0
27;A;5;110C;5;1497.0;0;7485.0;C/U;0.0
28;A;1;24V230A;1;16528.92;0;16528.92;cmbUnidadMedida;0.0
29;A;1;24V230A;1;33516.0;0;33516.0;cmbUnidadMedida;0.0
30;A;1;180;10;2317.77;0;23177.7;C/U;0.0
31;A;1;65;1;1157.02;20;925.62;C/U;231.4
32;A;1;45FKA;1;168.15;0;168.15;C/U;0.0
33;A;1;180;1;3223.14;0;3223.14;C/U;0.0
34;A;1;45FIT;2;1636.36;25;2454.54;C/U;818.18
35;A;1;RES;41;206.61;0;8471.01;;0.0
36;A;1;RES;20;200.0;0;4000.0;;0.0
37;A;1;CHE;1;4132.23;0;4132.23;C/U;0.0
38;A;1;PLOMO;30000;7.9;0;237000.0;KG;0.0
39;A;1;150;1;1454.54;20;1163.63;C/U;290.91
40;A;1;120;2;2421.48;25;3632.22;C/U;1210.74
41;A;1;RES;22;200.0;0;4400.0;;0.0
42;A;1;TO;2520;25.2;0;63504.0;;0.0
43;A;1;RES;15;200.0;0;3000.0;;0.0
43;A;2;RES;4;150.0;0;600.0;;0.0
43;A;3;RES;3;100.0;0;300.0;;0.0
44;A;1;65;1;1157.02;35;752.06;C/U;404.96
44;A;2;75;12;1380.16;35;10765.25;C/U;5796.67
44;A;3;1004X4;1;2144.62;35;1394.0;C/U;750.62
45;A;1;65;1;1157.02;35;752.06;C/U;404.96
45;A;2;50;2;1157.02;35;1504.13;C/U;809.91
45;A;3;1004X4;1;2144.62;35;1394.0;C/U;750.62
46;A;1;180;20;2200.0;0;44000.0;C/U;0.0
47;A;1;45FKA;10;902.0;0;9020.0;C/U;0.0
47;A;2;100;20;1497.0;0;29940.0;C/U;0.0
47;A;3;6200;2;1441.0;0;2882.0;C/U;0.0
47;A;4;65;30;793.0;0;23790.0;C/U;0.0
47;A;5;75;50;901.0;0;45050.0;C/U;0.0
48;A;1;110C;1;1047.52;0;1047.52;C/U;0.0
48;A;2;100SP;1;1797.52;0;1797.52;C/U;0.0
49;A;1;75;2;1520.66;20;2433.06;C/U;608.26
49;A;2;65;1;1272.72;20;1018.18;C/U;254.54
49;A;3;45FKA;1;1272.72;20;1018.18;C/U;254.54
50;A;1;75;1;1035.12;0;1035.12;C/U;0.0
51;A;1;180;20;2420.0;0;48400.0;C/U;0.0
52;A;1;12V180A;1;3545.45;0;3545.45;C/U;0.0
52;A;2;12V180A;1;3545.45;0;3545.45;C/U;0.0
53;A;1;110C;4;2320.0;0;9280.0;C/U;0.0
54;A;1;65;1;1272.72;20;1018.18;C/U;254.54
55;A;1;DIF;1;91.32;0;91.32;;0.0
56;A;1;110C;1;1917.35;0;1917.35;C/U;0.0
56;A;2;75;1;1216.53;0;1216.53;C/U;0.0
57;A;1;180;2;2651.24;0;5302.48;C/U;0.0
58;A;1;75;5;1520.66;35;4942.15;C/U;2661.16
58;A;2;65;2;1272.72;35;1654.54;C/U;890.9
59;A;1;180;24;2420.0;0;58080.0;C/U;0.0
59;A;2;1004X4;1;2355.37;20;1884.3;C/U;471.07
60;A;1;RES;200;35.0;0;7000.0;;0.0
61;A;1;RES;35;200.0;0;7000.0;;0.0
62;A;1;1004X4;1;1203.53;0;1203.53;C/U;0.0
63;A;1;180;1;2048.69;0;2048.69;C/U;0.0
64;A;1;100SP;1;2396.69;25;1797.52;C/U;599.17
65;A;1;75;1;1520.66;0;1520.66;C/U;0.0
66;A;1;180;20;2562.31;0;51246.2;C/U;0.0
67;A;1;180;4;2737.73;0;10950.92;C/U;0.0
68;A;1;RES;21350;10.2;0;217770.0;;0.0
69;A;1;75;1;6610.5;0;6610.5;C/U;0.0
70;A;1;65;1;1363.63;0;1363.63;C/U;0.0
71;A;1;110C;2;2566.11;25;3849.17;C/U;1283.06
72;A;1;110C;2;2566.11;20;4105.78;C/U;1026.44
73;A;1;180;2;2879.0;0;5758.0;C/U;0.0
73;A;2;1004X4;1;1777.0;0;1777.0;C/U;0.0
74;A;1;180;10;2748.62;0;27486.2;C/U;0.0
75;A;1;RES;43;289.25;0;12437.75;;0.0
76;A;1;RES;1;15272.72;0;15272.72;;0.0
77;A;1;45FIT;1;1929.75;20;1543.8;C/U;385.95
78;A;1;240;1;4685.95;25;3514.46;C/U;1171.49
78;A;2;110C;3;2566.11;25;5773.75;C/U;1924.58
79;A;1;65;1;1363.63;20;1090.9;C/U;272.73
79;A;2;90;2;2520.66;20;4033.06;C/U;1008.26
80;A;1;75;100;1071.0;0;107100.0;C/U;0.0
80;A;2;100;30;1778.0;0;53340.0;C/U;0.0
80;A;3;180;20;2642.0;0;52840.0;C/U;0.0
81;A;1;RES;25000;14.0;0;350000.0;;0.0
82;A;1;65;1;1363.63;20;1090.9;C/U;272.73
83;A;1;TO;26740;34.24;0;915577.6;;0.0
84;A;1;90;20;1630.0;0;32600.0;C/U;0.0
84;A;2;1004X4;30;1630.0;0;48900.0;C/U;0.0
84;A;3;100SP;10;1778.0;0;17780.0;C/U;0.0
84;A;4;110C;30;1778.0;0;53340.0;C/U;0.0
84;A;5;120;10;1925.0;0;19250.0;C/U;0.0
84;A;6;180;30;2642.0;0;79260.0;C/U;0.0
85;A;1;1004X4;1;2355.37;20;1884.3;C/U;471.07
85;A;2;180;10;3793.38;20;30347.04;C/U;7586.76
88;A;1;180;1;3793.38;20;3034.7;C/U;758.68
88;A;2;65;1;1363.63;20;1090.9;C/U;272.73
89;A;1;180;10;3023.48;0;30234.8;C/U;0.0
90;A;1;80T;2;1892.56;20;3028.1;C/U;757.02
90;A;2;110C;1;2566.11;20;2052.89;C/U;513.22
91;A;1;45FKA;9;925.62;0;8330.58;C/U;0.0
92;A;1;180;80;2183.47;0;174677.6;C/U;0.0
92;A;2;110C;80;1469.42;0;117553.6;C/U;0.0
93;A;1;N24;1;1090.9;0;1090.9;C/U;0.0
94;A;1;180;6;3023.48;0;18140.88;C/U;0.0
95;A;1;RES;10;247.93;0;2479.3;;0.0
95;A;2;RES;2;99.17;0;198.34;;0.0
96;A;1;75;2;1628.09;0;3256.18;C/U;0.0
96;A;2;65;2;1363.63;0;2727.26;C/U;0.0
96;A;3;45FIT;1;1776.85;0;1776.85;C/U;0.0
97;A;1;110C;2;2772.72;30;3881.81;C/U;1663.63
98;A;1;180;2;4099.17;20;6558.67;C/U;1639.67
99;A;1;DEV;1;4132.23;0;4132.23;C/U;0.0
100;A;1;RES;1;52892.56;0;52892.56;;0.0
101;A;1;65;4;1471.07;25;4413.21;C/U;1471.07
101;A;2;75;1;1760.33;25;1320.25;C/U;440.08
101;A;3;45FKA;1;1471.07;25;1103.3;C/U;367.77
102;A;1;75;60;1156.0;0;69360.0;C/U;0.0
102;A;2;65;40;1017.0;0;40680.0;C/U;0.0
102;A;3;100;25;1956.0;0;48900.0;C/U;0.0
102;A;4;180;25;2959.0;0;73975.0;C/U;0.0
102;A;5;1004X4;15;1793.0;0;26895.0;C/U;0.0
102;A;6;120;5;2156.0;0;10780.0;C/U;0.0
102;A;7;45FKA;15;1158.0;0;17370.0;C/U;0.0
102;A;8;80T;5;1597.0;0;7985.0;C/U;0.0
102;A;9;90;5;1793.0;0;8965.0;C/U;0.0
102;A;10;110C;5;1793.0;0;8965.0;C/U;0.0
102;A;11;6200;1;1917.0;0;1917.0;C/U;0.0
103;A;1;240;4;6740.0;10;24264.0;C/U;2696.0
104;A;1;65;2;1295.86;0;2591.72;C/U;0.0
105;A;1;RES;39;250.0;0;9750.0;;0.0
105;A;2;RES;3;120.0;0;360.0;;0.0
106;A;1;110C;2;3049.58;20;4879.33;C/U;1219.83
107;A;1;180;1;4508.26;20;3606.61;C/U;901.65
108;A;1;65;2;1619.83;20;2591.73;C/U;647.93
108;A;2;75;1;1938.01;20;1550.41;C/U;387.6
109;A;1;110C;2;3049.58;20;4879.33;C/U;1219.83
110;A;1;110C;4;3049.58;25;9148.74;C/U;3049.58
110;A;2;90;4;2995.86;25;8987.58;C/U;2995.86
110;A;3;80T;1;2252.06;25;1689.05;C/U;563.02
110;A;4;75;2;1938.01;25;2907.02;C/U;969.01
110;A;5;65;1;1619.83;25;1214.87;C/U;404.96
111;A;1;1004X4;2;2995.86;20;4793.38;C/U;1198.34
112;A;1;180;1;3422.31;0;3422.31;C/U;0.0
113;A;1;TO;42;11135.0;0;467670.0;;0.0
114;A;1;75;1;1938.01;20;1550.41;C/U;387.6
114;A;2;50;1;1619.83;20;1295.86;C/U;323.97
115;A;1;N24;1;2132.23;0;2132.23;C/U;0.0
116;A;1;180;10;4958.67;30;34710.69;C/U;14876.01
116;A;2;65;2;1780.99;25;2671.49;C/U;890.5
116;A;3;80T;1;2479.33;25;1859.5;C/U;619.83
117;A;1;75;2;1705.78;0;3411.56;C/U;0.0
118;A;1;75;2;1705.78;0;3411.56;C/U;0.0
118;A;2;65;2;1424.79;0;2849.58;C/U;0.0
118;A;3;45FKA;2;1424.79;0;2849.58;C/U;0.0
119;A;1;65;4;1246.28;0;4985.12;C/U;0.0
119;A;2;75;4;1493.38;0;5973.52;C/U;0.0
119;A;3;90;1;2141.32;0;2141.32;C/U;0.0
120;A;1;TO;18916;56.0;0;1059296.0;;0.0
121;A;1;CHE;1;36750.0;0;36750.0;C/U;0.0
121;A;2;GTO;1;123.96;0;123.96;;0.0
122;A;1;AG;680;24.0;25;12240.0;LTS;4080.0
123;A;1;RES;74723;20.64;0;1542282.72;;0.0
124;A;1;65;3;1780.99;0;5342.97;C/U;0.0
125;A;1;180;6;5454.54;0;32727.24;C/U;0.0
126;A;1;180;7;5454.54;0;38181.78;C/U;0.0
126;A;2;110C;7;3690.08;0;25830.56;C/U;0.0
127;A;1;180;4;3775.82;0;15103.28;C/U;0.0
128;A;1;180;7;5454.54;20;30545.42;C/U;7636.36
128;A;2;75;10;2347.1;20;18776.8;C/U;4694.2
129;A;1;45FKA;4;1371.07;0;5484.28;C/U;0.0
129;A;2;65;7;1371.07;0;9597.49;C/U;0.0
129;A;3;75;5;1642.97;0;8214.85;C/U;0.0
129;A;4;80T;1;1909.09;0;1909.09;C/U;0.0
130;A;1;65;8;1371.07;0;10968.56;C/U;0.0
130;A;2;75;15;1642.97;0;24644.55;C/U;0.0
130;A;3;90;2;2536.77;0;5073.54;C/U;0.0
130;A;4;80T;1;1909.09;0;1909.09;C/U;0.0
130;A;5;110C;3;2583.06;0;7749.18;C/U;0.0
131;A;1;180;7;3818.18;0;26727.26;C/U;0.0
131;A;2;110C;5;2583.06;0;12915.3;C/U;0.0
131;A;3;1004X4;2;2536.77;0;5073.54;C/U;0.0
131;A;4;75;5;1642.97;0;8214.85;C/U;0.0
132;A;1;90;1;3623.96;20;2899.17;C/U;724.79
133;A;1;65F;5;1289.25;0;6446.25;C/U;0.0
133;A;2;75F;5;2347.1;0;11735.5;C/U;0.0
134;A;1;45FKA;1;1818.18;0;1818.18;C/U;0.0
135;A;1;45FIT;1;2417.36;0;2417.36;C/U;0.0
136;A;1;180;1;6326.44;25;4744.83;C/U;1581.61
137;A;1;180;6;4177.15;0;25062.9;C/U;0.0
138;A;1;180;6;4177.15;0;25062.9;C/U;0.0
139;A;1;65;15;2272.72;20;27272.64;C/U;6818.16
139;A;2;75;5;2727.27;20;10909.08;C/U;2727.27
139;A;3;45FKA;4;2272.72;20;7272.7;C/U;1818.18
139;A;4;80T;1;3181.81;20;2545.45;C/U;636.36
139;A;5;90;1;4214.87;20;3371.9;C/U;842.97
139;A;6;1004X4;2;4214.87;20;6743.79;C/U;1685.95
139;A;7;100SP;2;4280.99;20;6849.58;C/U;1712.4
139;A;8;110C;2;4280.99;20;6849.58;C/U;1712.4
140;A;1;RES;20;500.0;0;10000.0;;0.0
141;A;1;45R12;1;2958.67;20;2366.94;C/U;591.73
142;A;1;75;30;1769.0;0;53070.0;C/U;0.0
142;A;2;65;30;1557.0;0;46710.0;C/U;0.0
142;A;3;110C;10;2993.0;0;29930.0;C/U;0.0
142;A;4;180;10;4528.0;0;45280.0;C/U;0.0
142;A;5;45FKA;5;1772.0;0;8860.0;C/U;0.0
143;A;1;PLOMO;27783;72.0;0;2000376.0;KG;0.0
144;A;1;PLOMO;27783;72.0;0;2000376.0;KG;0.0
145;A;1;Q750;1;2677.68;0;2677.68;C/U;0.0
145;A;2;NP7AB;1;661.15;0;661.15;C/U;0.0
146;A;1;75;1;2677.68;0;2677.68;C/U;0.0
146;A;2;NP7AB;1;661.15;0;661.15;C/U;0.0
147;A;1;Q660;1;2247.93;0;2247.93;C/U;0.0
148;A;1;65F;6;1289.25;0;7735.5;C/U;0.0
148;A;2;75F;6;1479.33;0;8875.98;C/U;0.0
149;A;1;65F;6;1289.25;0;7735.5;C/U;0.0
149;A;2;75F;6;1479.33;0;8875.98;C/U;0.0
150;A;1;PLOMO;73;8696.0;0;634808.0;KG;0.0
151;A;1;PLOMO;25912;78.0;0;2021136.0;KG;0.0
152;A;1;RES;25000;28.0;0;700000.0;;0.0
153;A;1;100SP;1;4280.99;30;2996.69;C/U;1284.3
154;A;1;65;6;2272.72;25;10227.24;C/U;3409.08
155;A;1;PLOMO;8245;77.0;0;634865.0;KG;0.0
156;A;1;45R12;2;2869.83;0;5739.66;C/U;0.0
157;A;1;80T;1;3780.99;25;2835.74;C/U;945.25
158;A;1;180;12;5108.4;0;61300.8;C/U;0.0
159;A;1;75;1;2591.73;0;2591.73;C/U;0.0
160;A;1;110C;1;5086.77;0;5086.77;C/U;0.0
160;A;2;65;4;2702.47;0;10809.88;C/U;0.0
160;A;3;75;5;3239.66;0;16198.3;C/U;0.0
161;A;1;75;1;2400.0;0;2400.0;C/U;0.0
162;A;1;110C;30;5086.77;20;122082.48;C/U;30520.62
162;A;2;180;10;7516.52;20;60132.16;C/U;15033.04
162;A;3;75;5;3239.66;20;12958.64;C/U;3239.66
163;A;1;180;1;6016.53;0;6016.53;C/U;0.0
164;A;1;RES;175;9.91;0;1734.25;;0.0
165;A;1;75;1;3239.66;20;2591.73;C/U;647.93
166;A;1;110C;1;5086.77;20;4069.42;C/U;1017.35
167;A;1;180;4;4872.22;0;19488.88;C/U;0.0
168;A;1;PLOMO;22821;80.0;0;1825680.0;KG;0.0
169;A;1;180;10;6317.35;0;63173.5;C/U;0.0
169;A;2;110C;4;4580.57;0;18322.28;C/U;0.0
169;A;3;65;4;2429.75;0;9719.0;C/U;0.0
170;A;1;45R12;1;2403.0;0;2403.0;C/U;0.0
170;A;2;65;5;1816.0;0;9080.0;C/U;0.0
170;A;3;75;5;2064.0;0;10320.0;c/u;0.0
170;A;4;80T;3;2851.0;0;8553.0;C/U;0.0
170;A;5;90;4;3200.0;0;12800.0;C/U;0.0
170;A;6;1004X4;8;3200.0;0;25600.0;C/U;0.0
170;A;7;100;5;3491.0;0;17455.0;C/U;0.0
170;A;8;100SP;5;3491.0;0;17455.0;C/U;0.0
170;A;9;120;5;3848.0;0;19240.0;C/U;0.0
170;A;10;180;7;5281.0;0;36967.0;C/U;0.0
171;A;1;45FKA;10;2232.0;0;22320.0;C/U;0.0
171;A;2;65;40;1961.1;0;78444.0;C/U;0.0
171;A;3;75;50;2228.4;0;111420.0;C/U;0.0
171;A;4;110C;15;3770.1;0;56551.5;C/U;0.0
171;A;5;180;25;5703.3;0;142582.5;C/U;0.0
171;A;6;240;4;7251.3;0;29005.2;C/U;0.0
171;A;7;1004X4;10;3456.9;0;34569.0;C/U;0.0
171;A;8;90;5;3456.9;0;17284.5;C/U;0.0
171;A;9;100SP;5;3770.1;0;18850.5;C/U;0.0
171;A;10;45FIT;2;2595.6;0;5191.2;C/U;0.0
172;A;1;75;1;3107.43;0;3107.43;C/U;0.0
172;A;2;65;1;2591.73;0;2591.73;C/U;0.0
173;A;1;180;100;9024.79;0;902479.0;C/U;0.0
173;A;2;110C;100;6107.43;0;610743.0;C/U;0.0
173;A;3;75;50;3884.29;0;194214.5;C/U;0.0
174;A;1;180;20;5832.0;0;116640.0;C/U;0.0
175;A;1;180;150;9024.79;0;1353718.5;C/U;0.0
175;A;2;110C;100;6107.43;0;610743.0;C/U;0.0
175;A;3;75;100;3884.29;0;388429.0;C/U;0.0
176;A;1;65;1;3239.66;5;3077.68;C/U;161.98
177;A;1;RES;10;826.44;0;8264.4;;0.0
177;A;2;RES;3;247.93;0;743.79;;0.0
178;A;1;180;4;9024.79;20;28879.33;C/U;7219.83
179;A;1;90;1;6008.26;30;4205.78;C/U;1802.48
179;A;2;110C;3;6107.43;30;12825.6;C/U;5496.69
179;A;3;1004X4;2;6008.26;30;8411.56;C/U;3604.96
180;A;1;110C;6;6107.43;20;29315.66;C/U;7328.92
180;A;2;180;4;9024.79;20;28879.33;C/U;7219.83
181;A;1;RES;8;619.83;0;4958.64;;0.0
181;A;2;RES;11;413.22;0;4545.42;;0.0
182;A;1;75;1;3418.18;0;3418.18;C/U;0.0
183;A;1;65;4;2849.58;0;11398.32;C/U;0.0
183;A;2;75;2;3418.18;0;6836.36;C/U;0.0
183;A;3;45FKA;2;2849.58;0;5699.16;C/U;0.0
184;A;1;75;1;4276.85;0;4276.85;C/U;0.0
185;A;1;90;1;6008.26;20;4806.61;C/U;1201.65
186;A;1;RES;24;1074.38;0;25785.12;;0.0
186;A;2;RES;19;619.83;0;11776.77;;0.0
187;A;1;180;4;5765.34;0;23061.36;C/U;0.0
188;A;1;RES;26300;50.0;0;1315000.0;;0.0
189;A;1;RES;9;413.22;0;3718.98;;0.0
189;A;2;RES;18;619.83;0;11156.94;;0.0
190;A;1;180;258;9024.79;0;2328395.82;C/U;0.0
191;A;1;1004X4;1;7537.19;35;4899.17;C/U;2638.02
192;A;1;75;20;2860.0;0;57200.0;C/U;0.0
192;A;2;100;15;4838.0;0;72570.0;C/U;0.0
192;A;3;180;12;7320.0;0;87840.0;C/U;0.0
193;A;1;75;1;4276.85;0;4276.85;C/U;0.0
194;A;1;RES;30000;49.0;0;1470000.0;;0.0
195;A;1;DEV;1;3739838.0;0;3739838.0;C/U;0.0
196;A;1;180;3;7687.12;0;23061.36;C/U;0.0
197;A;1;180;2;7687.12;0;15374.24;C/U;0.0
198;A;1;45FKA;1;4066.11;20;3252.89;C/U;813.22
198;A;2;65;1;4066.11;20;3252.89;C/U;813.22
199;A;1;110C;2;6512.39;0;13024.78;C/U;0.0
199;A;2;180;1;9619.83;0;9619.83;C/U;0.0
200;A;1;CON;105;5072.0;0;532560.0;KG;0.0
201;A;1;75;10;2913.22;0;29132.2;C/U;0.0
201;A;2;65;3;2429.75;0;7289.25;C/U;0.0
202;A;1;110C;1;7661.15;25;5745.86;C/U;1915.29
203;A;1;RES;30000;50.5;0;1515000.0;;0.0
204;A;1;DEV;1;2625004.76;0;2625004.76;C/U;0.0
205;A;1;65;1;4392.56;0;4392.56;C/U;0.0
206;A;1;DIFP;1;26366.95;0;26366.95;C/U;0.0
207;A;1;180;10;9500.0;0;95000.0;C/U;0.0
208;A;1;RES;10;1239.66;0;12396.6;;0.0
209;A;1;DEV;1;1895959.04;0;1895959.04;C/U;0.0
210;A;1;180;15;12219.0;0;183285.0;C/U;0.0
211;A;1;RES;7;1239.66;0;8677.62;;0.0
212;A;1;RES;6;1239.66;0;7437.96;;0.0
213;A;1;75;2;5785.12;20;9256.19;C/U;2314.05
213;A;2;65;3;4826.44;20;11583.46;C/U;2895.86
213;A;3;45FKA;1;4826.44;20;3861.15;C/U;965.29
213;A;4;6200;2;7636.36;20;12218.18;C/U;3054.54
214;A;1;90;1;8140.49;25;6105.37;C/U;2035.12
215;A;1;180;4;4300.0;0;17200.0;C/U;0.0
216;A;2;180;4;4300.0;0;17200.0;C/U;0.0
217;A;1;180;4;5765.34;0;23061.36;C/U;0.0
218;A;1;180;6;8248.18;0;49489.08;C/U;0.0
219;A;1;RES;8;1239.66;0;9917.28;;0.0
220;A;1;DEV;1;5238095.0;0;5238095.0;C/U;0.0
221;A;1;RES;8;1239.66;0;9917.28;;0.0
222;A;1;45FKA;2;3335.53;0;6671.06;C/U;0.0
222;A;2;65;5;3211.57;0;16057.85;C/U;0.0
222;A;3;75;10;3710.74;0;37107.4;C/U;0.0
222;A;4;110C;6;6398.34;0;38390.04;C/U;0.0
222;A;5;180;4;8690.9;0;34763.6;C/U;0.0
222;A;6;PER;1;-4396.36;0;-4396.36;C/U;0.0
223;A;1;45FKA;2;3335.53;0;6671.06;C/U;0.0
223;A;2;65;5;3211.57;0;16057.85;C/U;0.0
223;A;3;75;10;3710.74;0;37107.4;C/U;0.0
223;A;4;110C;6;6398.34;0;38390.04;C/U;0.0
223;A;5;180;4;8690.9;0;34763.6;C/U;0.0
224;A;1;75;2;5785.12;25;8677.68;C/U;2892.56
225;A;1;RES;10;1239.61;0;12396.1;;0.0
226;A;1;RES;6;1404.95;0;8429.7;;0.0
227;A;1;RES;21;413.22;0;8677.62;;0.0
227;A;2;RES;5;578.51;0;2892.55;;0.0
228;A;1;75;2;5785.12;20;9256.19;C/U;2314.05
228;A;2;65;3;4826.44;20;11583.46;C/U;2895.86
228;A;3;45FKA;1;4826.44;20;3861.15;C/U;965.29
228;A;4;6200;2;7636.36;20;12218.18;C/U;3054.54
229;A;1;110C;2;9099.17;0;18198.34;C/U;0.0
230;A;1;DEV;1;7076140.0;0;7076140.0;C/U;0.0
231;A;1;RES;7;1404.95;0;9834.65;;0.0
232;A;1;RES;3;1404.95;0;4214.85;;0.0
233;A;1;65;5;3378.51;0;16892.55;C/U;0.0
233;A;2;75;5;4049.58;0;20247.9;C/U;0.0
234;A;1;RES;9;1404.95;0;12644.55;;0.0
235;A;1;180;10;10505.0;0;105050.0;C/U;0.0
236;A;1;65;1;5165.28;0;5165.28;C/U;0.0
237;A;1;180;3;7687.12;0;23061.36;C/U;0.0
238;A;1;DEV;1;951312.0;0;951312.0;C/U;0.0
239;A;1;75;12;6198.34;20;59504.06;C/U;14876.02
239;A;2;65;10;5165.28;20;41322.24;C/U;10330.56
239;A;3;45FKA;3;5165.28;20;12396.67;C/U;3099.17
240;A;1;RES;7;1404.95;0;9834.65;;0.0
241;A;1;DEV;1;826570.0;0;826570.0;C/U;0.0
242;A;1;65;1;4456.61;0;4456.61;C/U;0.0
242;A;2;75;1;5346.07;0;5346.07;C/U;0.0
243;A;1;RES;10;1615.69;0;16156.9;C/U;0.0
244;A;1;PLOMO;140;16598.0;0;2323720.0;KG;0.0
245;A;1;100SP;1;11198.34;20;8958.67;C/U;2239.67
246;A;1;65;13;5942.14;35;50211.08;C/U;27036.74
246;A;2;75;10;7128.09;35;46332.59;C/U;24948.32
246;A;3;45FKA;1;5942.14;35;3862.39;C/U;2079.75
247;A;1;1004X4;2;11024.79;30;15434.71;C/U;6614.87
248;A;1;75;1;3859.5;0;3859.5;C/U;0.0
249;A;1;180;2;14884.29;0;29768.58;C/U;0.0
250;A;1;180;4;10045.53;0;40182.12;C/U;0.0
251;A;1;180;6;13687.41;0;82124.46;C/U;0.0
252;A;1;180;6;13687.41;0;82124.46;C/U;0.0
253;A;1;RES;8;1735.53;0;13884.24;C/U;0.0
254;A;1;110C;2;12429.75;25;18644.63;C/U;6214.88
254;A;2;65;1;6595.04;25;4946.28;C/U;1648.76
255;A;1;RES;5;1239.61;0;6198.05;C/U;0.0
256;A;1;RES;5;1735.53;0;8677.65;C/U;0.0
257;A;1;1004X4;2;12231.4;20;19570.24;C/U;4892.56
258;A;1;DEV;1;1770000.0;0;1770000.0;C/U;0.0
259;A;1;80T;1;9256.19;25;6942.14;C/U;2314.05
260;A;1;75;10;7913.22;30;55392.54;C/U;23739.66
261;A;1;180;4;18355.37;0;73421.48;C/U;0.0
262;A;1;RES;26437;78.0;0;2062086.0;C/U;0.0
263;A;1;N24;1;6384.0;0;6384.0;C/U;0.0
264;A;1;65;1;6595.04;25;4946.28;C/U;1648.76
265;A;1;180;4;16520.66;0;66082.64;C/U;0.0
266;A;1;RES;1;5238000.0;0;5238000.0;C/U;0.0
267;A;1;180;1;29368.59;0;29368.59;C/U;0.0
268;A;1;75;1;7913.22;20;6330.58;C/U;1582.64
269;A;1;RES;30069;80.0;0;2405520.0;C/U;0.0
270;A;1;RES;30069;80.0;0;2405520.0;C/U;0.0
271;A;1;65;1;6595.04;20;5276.03;C/U;1319.01
272;A;1;M12X65;295;1260.0;0;371700.0;C/U;0.0
273;A;1;M12X65;295;1260.0;0;371700.0;C/U;0.0
274;A;1;DEV;1;7557138.0;0;7557138.0;C/U;0.0
275;A;1;RES;3940;1800.0;0;7092000.0;C/U;0.0
276;A;1;90;1;12231.4;20;9785.12;C/U;2446.28
277;A;1;CON;30055;82.0;0;2464510.0;KG;0.0
278;A;1;180;2;20190.08;25;30285.12;C/U;10095.04
279;A;1;RES;2264;2100.0;0;4754400.0;C/U;0.0
280;A;1;75;1;8702.47;0;8702.47;C/U;0.0
281;A;1;RES;887;2066.0;0;1832542.0;C/U;0.0
282;A;1;180;20;15146.58;0;302931.6;C/U;0.0
283;A;1;M12X55T;150;384.3;0;57645.0;C/U;0.0
283;A;2;M12X100T;200;520.66;0;104132.0;C/U;0.0
283;A;3;M12X100T;76;557.02;0;42333.52;C/U;0.0
283;A;4;M12X160T;115;743.8;0;85537.0;C/U;0.0
283;A;5;M12X160T;435;804.96;0;350157.6;C/U;0.0
284;A;1;75;1;1.0;0;1.0;C/U;0.0
285;A;1;75;1;10.0;0;10.0;C/U;0.0
286;A;1;75;1;10.0;0;10.0;C/U;0.0
287;A;1;75;1;8702.47;0;8702.47;C/U;0.0
288;A;1;75;1;10.0;0;10.0;C/U;0.0
289;A;1;GTO;1;9.5;0;9.5;;0.0
290;A;1;65;1;7256.19;20;5804.95;C/U;1451.24
291;A;1;75;1;6961.98;0;6961.98;C/U;0.0
292;A;1;180;2;22206.61;20;35530.58;C/U;8882.64
293;A;1;RES;1850;2300.0;0;4255000.0;C/U;0.0
293;A;2;RES;1140;1600.0;0;1824000.0;C/U;0.0
294;A;1;1004X4;1;10.0;25;7.5;C/U;2.5
295;A;1;65;1;7983.47;0;7983.47;C/U;0.0
296;A;1;180;4;22206.61;20;71061.15;C/U;17765.29
297;A;1;RES;763;2300.0;0;1754900.0;C/U;0.0
297;A;2;RES;550;2600.0;0;1430000.0;C/U;0.0
298;A;1;75;2;9570.24;20;15312.38;C/U;3828.1
299;A;1;Q750;1;11326.44;20;9061.15;C/U;2265.29
300;A;1;180;2;14714.04;0;29428.08;C/U;0.0
301;A;1;75;1;6330.58;0;6330.58;C/U;0.0
302;A;1;RES;547;2600.0;0;1422200.0;C/U;0.0
303;A;1;RES;3;2479.33;0;7437.99;C/U;0.0
304;A;1;65;1;7983.47;20;6386.78;C/U;1596.69
304;A;2;75;1;9570.24;20;7656.19;C/U;1914.05
305;A;1;75;1;9570.24;20;7656.19;C/U;1914.05
306;A;1;RES;1500;402.0;0;603000.0;C/U;0.0
306;A;2;RES;1200;251.25;0;301500.0;C/U;0.0
306;A;3;RES;1300;695.76;0;904488.0;C/U;0.0
307;A;1;180;10;23760.33;0;237603.3;C/U;0.0
308;A;1;45FKA;1;8545.45;25;6409.09;C/U;2136.36
309;A;1;65;1;8545.45;20;6836.36;C/U;1709.09
310;A;1;90;1;15838.84;20;12671.07;C/U;3167.77
311;A;1;75;1;10239.66;20;8191.73;C/U;2047.93
312;A;1;RES;115;1200.0;0;138000.0;C/U;0.0
312;A;2;RES;230;1700.0;0;391000.0;C/U;0.0
312;A;3;RES;170;1500.0;0;255000.0;C/U;0.0
312;A;4;RES;30;1300.0;0;39000.0;C/U;0.0
313;A;1;RES;4;2644.62;0;10578.48;C/U;0.0
314;A;1;180;13;16000.0;0;208000.0;C/U;0.0
315;A;1;CON;30000;130.0;0;3900000.0;KG;0.0
316;A;1;180;20;17017.18;0;340343.6;C/U;0.0
317;A;1;45FKA;1;9057.85;20;7246.28;C/U;1811.57
317;A;2;75;1;10851.23;20;8680.98;C/U;2170.25
318;A;1;110C;4;17061.98;10;61423.13;C/U;6824.79
319;A;1;65;1;9057.85;20;7246.28;C/U;1811.57
320;A;1;45FKA;1;6409.09;0;6409.09;C/U;0.0
321;A;1;45FKA;10;7635.0;0;76350.0;C/U;0.0
321;A;2;65;25;6708.0;0;167700.0;C/U;0.0
321;A;3;75;25;7624.0;0;190600.0;C/U;0.0
321;A;4;110C;15;12896.0;0;193440.0;C/U;0.0
321;A;5;180;15;19511.0;0;292665.0;C/U;0.0
321;A;6;90;5;11824.0;0;59120.0;C/U;0.0
321;A;7;45FIT;1;11776.85;0;11776.85;C/U;0.0
321;A;8;45CRV;1;12809.91;0;12809.91;C/U;0.0
322;A;1;110C;2;12016.4;0;24032.8;C/U;0.0
323;A;1;RES;15755;140.0;0;2205700.0;C/U;0.0
324;A;1;RES;861;3500.0;0;3013500.0;C/U;0.0
325;A;1;65;1;9057.85;25;6793.39;C/U;2264.46
326;A;1;RES;8;3305.78;0;26446.24;C/U;0.0
327;A;1;RES;3;3305.78;0;9917.34;C/U;0.0
328;A;1;180;4;20476.98;0;81907.92;C/U;0.0
329;A;1;100SP;1;17061.98;20;13649.58;C/U;3412.4
329;A;2;75;1;10851.23;20;8680.98;C/U;2170.25
330;A;1;RES;828;4000.0;0;3312000.0;C/U;0.0
331;A;1;90;2;16789.25;25;25183.88;C/U;8394.63
331;A;2;65;6;9057.85;25;40760.33;C/U;13586.78
332;A;1;RES;60;2479.33;0;148759.8;C/U;0.0
333;A;1;75;2;10851.23;20;17361.97;C/U;4340.49
333;A;2;65;1;9057.85;20;7246.28;C/U;1811.57
334;A;1;110C;3;18429.75;25;41466.94;C/U;13822.31
335;A;1;RES;13;3471.07;0;45123.91;C/U;0.0
336;A;1;65;3;9793.38;20;23504.11;C/U;5876.03
337;A;1;RES;2;3471.07;0;6942.14;C/U;0.0
338;A;1;180;6;19481.27;0;116887.62;C/U;0.0
339;A;1;180;2;19481.27;0;38962.54;C/U;0.0
340;A;1;RES;12;3471.07;0;41652.84;C/U;0.0
341;A;1;65;1;9793.38;20;7834.7;C/U;1958.68
342;A;1;RES;238;6000.0;0;1428000.0;C/U;0.0
343;A;1;RES;4;3471.07;0;13884.28;C/U;0.0
344;A;1;RES;10;3636.36;0;36363.6;C/U;0.0
345;A;1;100SP;1;13649.58;0;13649.58;C/U;0.0
346;A;1;RES;4;3636.36;0;14545.44;C/U;0.0
347;A;1;100;1;17765.49;0;17765.49;C/U;0.0
348;A;1;180;20;20476.98;0;409539.6;C/U;0.0
349;A;1;RES;8;3305.78;0;26446.24;C/U;0.0
349;A;2;RES;2;2066.11;0;4132.22;C/U;0.0
350;A;1;RES;4;3636.36;0;14545.44;C/U;0.0
351;A;1;150;3;7903.3;0;23709.9;C/U;0.0
352;A;1;RES;317;4500.0;0;1426500.0;C/U;0.0
353;A;1;75;5;8871.49;0;44357.45;C/U;0.0
353;A;2;180;2;20560.33;0;41120.66;C/U;0.0
354;A;1;Q660;1;11760.33;20;9408.26;C/U;2352.07
355;A;1;65;1;9793.38;30;6855.37;C/U;2938.01
356;A;1;65;1;9793.38;20;7834.7;C/U;1958.68
357;A;1;65;1;9793.38;20;7834.7;C/U;1958.68
358;A;1;RES;6;3719.0;0;22314.0;C/U;0.0
359;A;1;RES;8;3719.0;0;29752.0;C/U;0.0
360;A;1;75;1;13685.95;20;10948.76;C/U;2737.19
361;A;1;RES;7;3719.0;0;26033.0;C/U;0.0
362;A;1;RES;4;3719.0;0;14876.0;C/U;0.0
363;A;1;RES;4;3719.0;0;14876.0;C/U;0.0
364;A;1;RES;561;5300.0;0;2973300.0;C/U;0.0
365;A;1;RES;1098;5300.0;0;5819400.0;C/U;0.0
366;A;1;110;10;16846.79;0;168467.9;C/U;0.0
367;A;1;110;10;17969.91;0;179699.1;C/U;0.0
368;A;1;RES;4;3719.0;0;14876.0;C/U;0.0
369;A;1;RES;2;3719.0;0;7438.0;C/U;0.0
370;A;1;180;20;29513.0;0;590260.0;C/U;0.0
370;A;2;110;25;19503.0;0;487575.0;C/U;0.0
371;A;1;45FKA;10;11550.0;0;115500.0;C/U;0.0
372;A;1;RES;4;3719.0;0;14876.0;C/U;0.0
373;A;1;180;20;27036.0;0;540720.0;C/U;0.0
373;A;2;110;25;17869.0;0;446725.0;C/U;0.0
374;A;1;RES;5;4545.45;0;22727.25;C/U;0.0
375;A;1;RES;3;4545.45;0;13636.35;C/U;0.0
376;A;1;65;1;13826.44;20;11061.15;C/U;2765.29
376;A;2;75;1;16553.71;20;13242.97;C/U;3310.74
377;A;1;RES;735;5800.0;0;4263000.0;C/U;0.0
378;A;1;RES;4;4958.67;0;19834.68;C/U;0.0
378;A;2;RES;6;3305.78;0;19834.68;C/U;0.0
378;A;3;RES;2;1900.82;0;3801.64;C/U;0.0
379;A;1;DIFP;1;22388.39;0;22388.39;C/U;0.0
380;A;1;65;1;10.0;0;10.0;C/U;0.0
381;A;1;240;1;36963.47;0;36963.47;C/U;0.0
382;A;1;RES;8;4545.45;0;36363.6;C/U;0.0
383;A;1;45FIT;1;21727.27;20;17381.82;C/U;4345.45
384;A;1;RES;340;7000.0;0;2380000.0;C/U;0.0
385;A;1;RES;4;4958.67;0;19834.68;C/U;0.0
386;A;1;45CRV;1;23636.36;25;17727.27;C/U;5909.09
387;A;1;CHE;1;146932.56;0;146932.56;C/U;0.0
387;A;2;GTO;1;1.0;25;0.75;C/U;0.25
388;A;1;90;1;30958.67;30;21671.07;C/U;9287.6
389;A;1;75;1;20016.52;20;16013.22;C/U;4003.3
390;A;1;180;1;56000.0;0;56000.0;C/U;0.0
391;A;1;RES;3;5371.9;0;16115.7;C/U;0.0
392;A;1;GTO;1;363.63;0;363.63;C/U;0.0
393;A;1;M12X65;175;946.78;0;165686.5;C/U;0.0
393;A;2;M12X65;150;984.64;0;147696.0;C/U;0.0
393;A;3;M12X75;150;1013.97;0;152095.5;C/U;0.0
393;A;4;M12X75;200;1054.52;0;210904.0;C/U;0.0
393;A;5;M12X110C;75;1372.31;0;102923.25;C/U;0.0
393;A;6;M12X110C;50;1427.21;0;71360.5;C/U;0.0
393;A;7;M12X160TI;45;1983.14;0;89241.3;C/U;0.0
393;A;8;M12X160TI;35;2062.46;0;72186.1;C/U;0.0
394;A;1;RES;275;5176.0;0;1423400.0;C/U;0.0
395;A;1;Q750;1;25347.1;20;20277.68;C/U;5069.42
396;A;1;RES;88;2479.33;0;218181.04;C/U;0.0
396;A;2;RES;4;4132.23;0;16528.92;C/U;0.0
396;A;3;RES;1;6198.34;0;6198.34;C/U;0.0
396;A;4;RES;1;6611.57;0;6611.57;C/U;0.0
397;A;1;180;4;49669.42;25;149008.26;C/U;49669.42
398;A;1;65;2;17892.56;25;26838.84;C/U;8946.28
398;A;2;75;2;21413.22;25;32119.83;C/U;10706.61
398;A;3;45FKA;1;17892.56;25;13419.42;C/U;4473.14
399;A;1;75;1;21413.22;20;17130.58;C/U;4282.64
400;A;1;180;6;41146.13;0;246876.78;C/U;0.0
401;A;1;75;1;21413.22;20;17130.58;C/U;4282.64
402;A;1;65;1;17892.56;30;12524.79;C/U;5367.77
402;A;2;180;1;49669.42;30;34768.59;C/U;14900.83
403;A;1;110;2;33652.89;25;50479.34;C/U;16826.45
404;A;1;65;3;19091.36;0;57274.08;C/U;0.0
404;A;2;75;2;17665.28;0;35330.56;C/U;0.0
405;A;1;Q660;1;23644.62;20;18915.7;C/U;4728.92
406;A;1;65;3;19681.81;0;59045.43;C/U;0.0
406;A;2;75;3;23553.81;0;70661.43;C/U;0.0
407;A;1;110;3;23838.64;0;71515.92;C/U;0.0
407;A;2;100SP;1;23838.64;0;23838.64;C/U;0.0
408;A;1;180;1;154221.3;0;154221.3;C/U;0.0
409;A;1;65;1;19681.81;0;19681.81;C/U;0.0
410;A;1;65;50;15430.0;0;771500.0;C/U;0.0
410;A;2;75;50;17537.0;0;876850.0;C/U;0.0
410;A;3;45FKA;10;17562.0;0;175620.0;C/U;0.0
411;A;1;90;1;38615.7;25;28961.78;C/U;9653.93
412;A;1;RES;12;6611.57;0;79338.84;C/U;0.0
413;A;1;RES;30;6611.57;0;198347.1;C/U;0.0
414;A;1;RES;920;7800.0;0;7176000.0;C/U;0.0
415;A;1;RES;22;2561.98;0;56363.56;C/U;0.0
415;A;2;RES;5;4214.87;0;21074.35;C/U;0.0
416;A;1;75;3;24966.94;25;56175.62;C/U;18725.21
416;A;2;65;2;20859.5;25;31289.25;C/U;10429.75
416;A;3;45FKA;2;20859.5;25;31289.25;C/U;10429.75
417;A;1;RES;16;7438.01;0;119008.16;C/U;0.0
418;A;1;180;2;47178.73;0;94357.46;C/U;0.0
419;A;1;65;1;19681.81;25;14761.36;C/U;4920.45
420;A;1;RES;920;7800.0;0;7176000.0;C/U;0.0
421;A;1;110;8;27461.98;0;219695.84;C/U;0.0
421;A;2;1004X4;5;27030.99;0;135154.95;C/U;0.0
421;A;3;90;2;27030.99;0;54061.98;C/U;0.0
421;A;4;180;3;40539.25;0;121617.75;C/U;0.0
421;A;5;65;14;14601.65;0;204423.1;C/U;0.0
421;A;6;75;18;17476.86;0;314583.48;C/U;0.0
421;A;7;45FKA;4;14601.65;0;58406.6;C/U;0.0
421;A;8;240;1;50122.31;0;50122.31;C/U;0.0
421;A;9;80T;1;17476.86;0;17476.86;C/U;0.0
421;A;10;Q750;3;20684.71;0;62054.13;C/U;0.0
421;A;11;Q660;3;17546.28;0;52638.84;C/U;0.0
421;A;12;ON45;2;12148.76;0;24297.52;C/U;0.0
421;A;13;ON65;4;12148.76;0;48595.04;C/U;0.0
421;A;14;ON75;7;14148.76;0;99041.32;C/U;0.0
422;A;1;45FKA;2;13777.23;0;27554.46;C/U;0.0
423;A;1;75;1;27710.74;30;19397.52;C/U;8313.22
423;A;2;110;2;43545.45;30;60963.63;C/U;26127.27
424;A;1;RES;10;8264.46;0;82644.6;C/U;0.0
425;A;1;RES;24;8264.46;0;198347.04;C/U;0.0
426;A;1;110;6;39014.87;0;234089.22;C/U;0.0
426;A;2;180;5;55704.55;0;278522.75;C/U;0.0
427;A;1;CHE;1;33057.85;0;33057.85;C/U;0.0
428;A;1;65;2;25933.88;25;38900.82;C/U;12966.94
429;A;1;RES;20;8264.46;0;165289.2;C/U;0.0
430;A;1;45FKA;5;19970.24;0;99851.2;C/U;0.0
430;A;2;50;1;30071.07;0;30071.07;C/U;0.0
430;A;3;ON65;2;16611.57;0;33223.14;C/U;0.0
430;A;4;65;18;19970.24;0;359464.32;C/U;0.0
430;A;5;ON75;2;19338.84;0;38677.68;C/U;0.0
430;A;6;75;16;23892.56;0;382280.96;C/U;0.0
430;A;7;90;2;36966.94;0;73933.88;C/U;0.0
430;A;8;1004X4;2;36966.94;0;73933.88;C/U;0.0
430;A;9;110;4;37545.45;0;150181.8;C/U;0.0
430;A;10;100SP;2;37545.45;0;75090.9;C/U;0.0
430;A;11;180;2;79190.08;0;158380.16;C/U;0.0
431;A;1;RES;25;9090.9;0;227272.5;C/U;0.0
432;A;1;RES;15;9090.9;0;136363.5;C/U;0.0
433;A;1;110;2;31454.54;0;62909.08;C/U;0.0
434;A;1;100SP;1;33652.89;0;33652.89;C/U;0.0
435;A;1;180;1;79190.08;0;79190.08;C/U;0.0
435;A;2;110;2;53636.36;0;107272.72;C/U;0.0
436;A;1;RES;401;360.0;0;144360.0;C/U;0.0
437;A;1;RES;14;9917.35;0;138842.9;C/U;0.0
438;A;1;RES;14;9917.35;0;138842.9;C/U;0.0
439;A;1;BT 24/210;1;1041110.7;0;1041110.7;C/U;0.0
440;A;1;RES;18;9917.35;0;178512.3;C/U;0.0
441;A;1;75;1;36859.5;20;29487.6;C/U;7371.9
442;A;1;RES;10;395.0;0;3950.0;C/U;0.0
443;A;1;180;1;100652.89;0;100652.89;C/U;0.0
444;A;1;RES;2;10743.8;0;21487.6;C/U;0.0
445;A;1;180;1;100652.89;30;70457.02;C/U;30195.87
445;A;2;110;1;68181.81;30;47727.27;C/U;20454.54
445;A;3;45FIT;1;50206.61;25;37654.96;C/U;12551.65
446;A;1;RES;20;9917.35;0;198347.0;C/U;0.0
447;A;1;75;1;1000.0;0;1000.0;C/U;0.0
448;A;1;65;1;10.0;0;10.0;C/U;0.0
449;A;1;RES;19;10743.8;0;204132.2;C/U;0.0
450;A;1;65;2;36280.99;27;52970.25;C/U;19591.73
451;A;1;65;2;40272.72;20;64436.35;C/U;16109.09
452;A;1;RES;12595;511.75;0;6445491.25;C/U;0.0
452;A;2;RES;1699;445.0;0;756055.0;C/U;0.0
453;A;1;110;2;75677.68;25;113516.52;C/U;37838.84
454;A;1;RES;20;11157.02;0;223140.4;C/U;0.0
455;A;1;RES;6;11157.02;0;66942.12;C/U;0.0
456;A;1;RES;868;17000.0;0;14756000.0;C/U;0.0
457;A;1;N24;2;21433.88;0;42867.76;C/U;0.0
457;A;2;ON65;2;19190.08;0;38380.16;C/U;0.0
457;A;3;45FKA;1;21433.88;0;21433.88;C/U;0.0
457;A;4;65;4;21433.88;0;85735.52;C/U;0.0
457;A;5;180;2;59477.68;0;118955.36;C/U;0.0
457;A;6;110;4;40289.26;0;161157.04;C/U;0.0
457;A;7;90;2;39666.11;0;79332.22;C/U;0.0
458;A;1;100SP;1;81735.53;25;61301.65;C/U;20433.88
459;A;1;RES;16;13223.14;0;211570.24;C/U;0.0
460;A;1;RES;6;13223.14;0;79338.84;C/U;0.0
461;A;1;RES;2;13223.14;0;26446.28;C/U;0.0
462;A;1;Q660;1;74008.26;0;74008.26;C/U;0.0
463;A;1;RES;4;14049.58;0;56198.32;C/U;0.0
464;A;1;RES;2;14049.58;0;28099.16;C/U;0.0
465;A;1;RES;26;16528.92;0;429751.92;C/U;0.0
466;A;1;RES;4;14049.58;0;56198.32;C/U;0.0
467;A;1;RES;24;10330.57;20;198346.94;C/U;49586.74
468;A;1;RES;5;9819.03;0;49095.15;C/U;0.0
469;A;1;RES;1;30636.97;0;30636.97;C/U;0.0
470;A;1;RES;2;14049.58;0;28099.16;C/U;0.0
471;A;1;RES;9;16528.92;0;148760.28;C/U;0.0
472;A;1;RES;51;6942.14;0;354049.14;C/U;0.0
472;A;2;RES;2;9504.13;0;19008.26;C/U;0.0
472;A;3;RES;9;11404.95;0;102644.55;C/U;0.0
472;A;4;RES;3;6942.14;0;20826.42;C/U;0.0
473;A;1;RES;2;10330.57;0;20661.14;C/U;0.0
474;A;1;RES;203;23400.0;0;4750200.0;C/U;0.0
475;A;1;180;10;139517.8;0;1395178.0;C/U;0.0
476;A;1;RES;26;18181.81;0;472727.06;C/U;0.0
477;A;1;CON;6726;912.26;0;6135860.76;KG;0.0
477;A;2;RES;4360;827.88;0;3609556.8;C/U;0.0
478;A;1;CON;30000;810.0;0;24300000.0;KG;0.0
479;A;1;RES;23;18181.81;0;418181.63;C/U;0.0
480;A;1;RES;2;14876.03;0;29752.06;C/U;0.0
481;A;1;180;2;101922.31;0;203844.62;C/U;0.0
482;A;1;Q750;1;87239.66;25;65429.75;C/U;21809.92
483;A;1;RES;8;7603.3;0;60826.4;C/U;0.0
483;A;2;RES;11;12479.33;0;137272.63;C/U;0.0
484;A;1;RES;16;18181.81;0;290908.96;C/U;0.0
485;A;1;RES;3;12396.69;0;37190.07;C/U;0.0
486;A;1;65;6;67768.59;25;304958.66;C/U;101652.89
486;A;2;75;3;81033.05;25;182324.36;C/U;60774.79
487;A;1;AJ;1;7761.46;0;7761.46;C/U;0.0
488;A;1;180;4;188099.17;30;526677.68;C/U;225719.0
489;A;1;NP7AB;4;29752.07;0;119008.28;C/U;0.0
490;A;1;RES;1;7603.3;0;7603.3;C/U;0.0
491;A;1;90;1;125413.22;20;100330.58;C/U;25082.64
492;A;1;RES;19;20661.15;0;392561.85;C/U;0.0
493;A;1;Q660;1;81404.95;20;65123.96;C/U;16280.99
494;A;1;CON;23326;1225.0;0;28574350.0;KG;0.0
495;A;1;RES;4;19338.84;0;77355.36;C/U;0.0
496;A;1;RES;30;8099.17;0;242975.1;C/U;0.0
496;A;2;RES;5;13223.14;0;66115.7;C/U;0.0
496;A;3;RES;8;20661.15;0;165289.2;C/U;0.0
497;A;1;65;4;67768.59;25;203305.77;C/U;67768.59
497;A;2;75;1;81033.05;25;60774.79;C/U;20258.26
498;A;1;RES;21;20661.15;0;433884.15;C/U;0.0
499;A;1;PLOMOC;1500;260.0;0;390000.0;KG;0.0
500;A;1;RES;91;8099.17;0;737024.47;C/U;0.0
500;A;2;RES;5;13223.14;0;66115.7;C/U;0.0
500;A;3;RES;2;20661.15;0;41322.3;C/U;0.0
501;A;1;75;1;86776.85;0;86776.85;C/U;0.0
502;A;1;110;1;109000.0;0;109000.0;C/U;0.0
503;A;1;CON;14287;785.0;0;11215295.0;KG;0.0
504;A;1;RES;6;18181.81;0;109090.86;C/U;0.0
505;A;1;CON;4628;1107.15;0;5123890.2;KG;0.0
505;A;2;CON;1401;963.17;0;1349401.17;KG;0.0
505;A;3;CON;16524;1124.25;0;18577107.0;KG;0.0
505;A;4;CON;4000;730.76;0;2923040.0;KG;0.0
505;A;5;CON;1000;665.0;0;665000.0;KG;0.0
506;A;1;RES;2;8099.17;0;16198.34;C/U;0.0
506;A;2;RES;3;13223.14;0;39669.42;C/U;0.0
507;A;1;65;5;72479.33;25;271797.49;C/U;90599.16
507;A;2;75;3;86776.85;25;195247.91;C/U;65082.64
507;A;3;90;2;134214.87;25;201322.31;C/U;67107.44
507;A;4;100SP;2;136363.63;25;204545.45;C/U;68181.82
508;A;1;RES;4;13223.14;0;52892.56;C/U;0.0
509;A;1;75;1;86776.85;30;60743.8;C/U;26033.06
510;A;1;RES;11;20661.15;0;227272.65;C/U;0.0
511;A;1;RES;16;18181.81;0;290908.96;C/U;0.0
512;A;1;180;6;147948.96;0;887693.76;C/U;0.0
512;A;2;Q660;1;87107.43;20;69685.94;C/U;17421.49
513;A;1;RES;18;18181.81;0;327272.58;C/U;0.0
514;A;1;RES;4;20661.15;0;82644.6;C/U;0.0
515;A;1;Q750;1;102644.62;20;82115.7;C/U;20528.92
516;A;1;RES;8;8099.17;0;64793.36;C/U;0.0
516;A;2;RES;3;13223.14;0;39669.42;C/U;0.0
516;A;3;RES;4;20661.15;0;82644.6;C/U;0.0
517;A;1;RES;20;18181.81;0;363636.2;C/U;0.0
518;A;1;RES;2;20661.15;0;41322.3;C/U;0.0
518;A;2;RES;1;8099.17;0;8099.17;C/U;0.0
519;A;1;RES;1;8264.46;0;8264.46;C/U;0.0
520;A;1;240;1;249586.77;35;162231.4;C/U;87355.37
521;A;1;Q660;1;95826.44;20;76661.15;C/U;19165.29
522;A;1;100SP;1;150000.0;25;112500.0;C/U;37500.0
522;A;2;1004X4;1;147644.62;25;110733.47;C/U;36911.16
523;A;1;RES;1;20661.15;0;20661.15;C/U;0.0
524;A;1;110;2;150000.0;20;240000.0;C/U;60000.0
525;A;1;RES;57;20661.15;0;1177685.55;C/U;0.0
526;A;1;RES;1;8099.17;0;8099.17;C/U;0.0
526;A;2;RES;1;13223.14;0;13223.14;C/U;0.0
527;A;1;RES;2;8099.17;0;16198.34;C/U;0.0
528;A;1;75;2;95454.54;20;152727.26;C/U;38181.82
529;A;1;180;1;139699.55;0;139699.55;C/U;0.0
529;A;2;110;4;96070.09;0;384280.36;C/U;0.0
529;A;3;65;4;50107.44;0;200429.76;C/U;0.0
530;A;1;180;2;221363.63;20;354181.81;C/U;88545.45
531;A;1;RES;15;16528.92;0;247933.8;C/U;0.0
532;A;1;CON;24599;937.0;0;23049263.0;KG;0.0
533;A;1;RES;28442;850.0;0;24175700.0;C/U;0.0
534;A;1;RES;19;20661.15;0;392561.85;C/U;0.0
535;A;1;CHE;1;49586.77;0;49586.77;C/U;0.0
536;A;1;RES;20;18181.81;0;363636.2;C/U;0.0
537;A;1;6210;8;444423.84;0;3555390.72;C/U;0.0
538;A;1;RES;20;18181.81;0;363636.2;C/U;0.0
539;A;1;RES;16;20661.15;0;330578.4;C/U;0.0
540;A;1;RES;2;8099.17;0;16198.34;C/U;0.0
540;A;2;RES;1;13223.14;0;13223.14;C/U;0.0
541;A;1;180;1;164251.23;0;164251.23;C/U;0.0
542;A;1;110;1;159008.26;0;159008.26;C/U;0.0
543;A;1;110;3;159008.26;25;357768.59;C/U;119256.2
543;A;2;180;4;234644.62;25;703933.86;C/U;234644.62
543;A;3;75;1;101198.34;25;75898.76;C/U;25299.59
543;A;4;65;1;84545.45;25;63409.09;C/U;21136.36
544;A;1;RES;34;20661.15;0;702479.1;C/U;0.0
545;A;1;RES;12;18181.81;0;218181.72;C/U;0.0
546;A;1;RES;3;13223.14;0;39669.42;C/U;0.0
547;A;1;6350;8;787603.0;0;6300824.0;C/U;0.0
548;A;1;RES;33;8099.17;0;267272.61;C/U;0.0
548;A;2;RES;2;13223.14;0;26446.28;C/U;0.0
549;A;1;RES;11;20661.15;0;227272.65;C/U;0.0
550;A;1;65;1;100000.0;0;100000.0;C/U;0.0
551;A;1;65;2;59814.05;0;119628.1;C/U;0.0
552;A;1;65;1;84545.45;25;63409.09;C/U;21136.36
553;A;1;45FKA;5;71172.0;0;355860.0;C/U;0.0
553;A;2;65;5;62530.0;0;312650.0;C/U;0.0
553;A;3;75;10;71071.0;0;710710.0;C/U;0.0
553;A;4;1004X4;5;110225.0;0;551125.0;C/U;0.0
553;A;5;100SP;2;120215.0;0;240430.0;C/U;0.0
553;A;6;110;5;120215.0;0;601075.0;C/U;0.0
553;A;7;180;10;181885.0;0;1818850.0;C/U;0.0
553;A;8;180I;2;181885.0;0;363770.0;C/U;0.0
553;A;9;240;3;232231.0;0;696693.0;C/U;0.0
554;A;1;110;2;159008.26;20;254413.22;C/U;63603.3
555;A;1;110;2;159008.26;20;254413.22;C/U;63603.3
556;A;1;110;2;159008.26;20;254413.22;C/U;63603.3
557;A;1;180;1;234644.62;25;175983.47;C/U;58661.16
558;A;1;110;4;159008.26;25;477024.78;C/U;159008.26
558;A;2;180;2;234644.62;25;351966.93;C/U;117322.31
559;A;1;65;10;84545.45;25;634090.88;C/U;211363.63
559;A;2;75;4;101198.34;25;303595.02;C/U;101198.34
560;A;1;RES;23;20661.15;0;475206.45;C/U;0.0
561;A;1;RES;2;22314.04;0;44628.08;C/U;0.0
562;A;1;100;1;156487.6;25;117365.7;C/U;39121.9
563;A;1;RES;24;20661.15;0;495867.6;C/U;0.0
564;A;1;RES;17;20661.15;0;351239.55;C/U;0.0
565;A;1;RES;2;20661.15;0;41322.3;C/U;0.0
565;A;2;RES;7;13223.14;0;92561.98;C/U;0.0
566;A;1;RES;5;18181.81;0;90909.05;C/U;0.0
567;A;1;RES;10;18181.81;0;181818.1;C/U;0.0
568;A;1;RES;5;7024.79;0;35123.95;C/U;0.0
569;A;1;RES;10;18181.81;0;181818.1;C/U;0.0
570;A;1;RES;1;13223.14;0;13223.14;C/U;0.0
571;A;1;180;4;92434.85;0;369739.4;C/U;0.0
572;A;1;RES;6;18181.81;0;109090.86;C/U;0.0
573;A;1;1004X4;1;156487.6;20;125190.08;C/U;31297.52
574;A;1;CON;18527;756.65;0;14018454.55;KG;0.0
574;A;2;CON;10475;765.32;0;8016727.0;KG;0.0
575;A;1;RES;30;20661.15;0;619834.5;C/U;0.0
576;A;1;90;2;156487.6;0;312975.2;C/U;0.0
576;A;2;110;1;159008.26;0;159008.26;C/U;0.0
577;A;1;CON;20230;765.32;0;15482423.6;KG;0.0
578;A;2;CON;18527;956.65;0;17723854.55;KG;0.0
578;A;3;CON;10475;765.32;0;8016727.0;KG;0.0
579;A;1;RES;2;20661.15;0;41322.3;C/U;0.0
580;A;1;RES;10;18181.81;0;181818.1;C/U;0.0
581;A;1;RES;25;20661.15;0;516528.75;C/U;0.0
582;A;1;RES;2;13223.14;0;26446.28;C/U;0.0
583;A;1;110;1;159008.26;20;127206.61;C/U;31801.65
584;A;1;65;1;84545.45;35;54954.54;C/U;29590.91
584;A;2;45FKA;1;84545.45;35;54954.54;C/U;29590.91
584;A;3;90;1;156487.6;35;101716.94;C/U;54770.66
584;A;4;180;1;234644.62;35;152519.0;C/U;82125.62
584;A;5;ON65;1;51111.57;35;33222.52;C/U;17889.05
585;A;1;RES;2;20661.15;0;41322.3;C/U;0.0
586;A;1;RES;1198;528.92;0;633646.16;C/U;0.0
587;A;1;RES;29;20661.15;0;599173.35;C/U;0.0
588;A;1;RES;4;13223.14;0;52892.56;C/U;0.0
588;A;2;RES;3;20661.15;0;61983.45;C/U;0.0
589;A;1;CON;13610;650.0;0;8846500.0;KG;0.0
590;A;1;REZAGO;17;20661.15;0;351239.55;KG;0.0
591;A;1;REZAGO;4;20661.15;0;82644.6;KG;0.0
592;A;1;REZAGO;4;13223.14;0;52892.56;KG;0.0
592;A;2;REZAGO;1;20661.15;0;20661.15;KG;0.0
592;A;3;REZAGO;1;7024.79;0;7024.79;KG;0.0
593;A;1;REZAGO;30;20661.15;0;619834.5;KG;0.0
594;A;1;REZAGO;3;7024.79;0;21074.37;KG;0.0
595;A;1;110;1;159008.26;0;159008.26;C/U;0.0
596;A;1;REZAGO;10;20661.15;0;206611.5;KG;0.0
597;A;1;RESKG;1235;495.86;0;612387.1;KG;0.0
598;A;1;REZAGO;6;20661.15;0;123966.9;KG;0.0
598;A;2;REZAGO;3;13223.14;0;39669.42;KG;0.0
598;A;3;REZAGO;1;7024.79;0;7024.79;KG;0.0
599;A;1;REZAGO;4;7024.79;0;28099.16;KG;0.0
599;A;2;REZAGO;2;13223.14;0;26446.28;KG;0.0
600;A;1;REZAGO;53;7024.79;0;372313.87;KG;0.0
600;A;2;REZAGO;2;13223.14;0;26446.28;KG;0.0
600;A;3;REZAGO;1;20661.15;0;20661.15;KG;0.0
601;A;1;CAS;17;20661.15;0;351239.55;C/U;0.0
602;A;1;RESKG;690;16084.0;0;11097960.0;KG;0.0
602;A;2;RESKG;12478;862.5;0;10762275.0;KG;0.0
603;A;1;CAS;4;20661.15;0;82644.6;C/U;0.0
604;A;1;CAS;14;20661.15;0;289256.1;C/U;0.0
605;A;1;REZAGO;2;20661.15;0;41322.3;KG;0.0
605;A;2;REZAGO;1;13223.14;0;13223.14;KG;0.0
606;A;1;REZAGO;8;20661.15;0;165289.2;KG;0.0
607;A;1;65;1;84545.45;20;67636.36;C/U;16909.09
608;A;1;REZAGO;15;20661.15;0;309917.25;KG;0.0
609;A;1;240;2;291016.52;25;436524.78;C/U;145508.26
610;A;1;REZAGO;1;20661.15;0;20661.15;KG;0.0
610;A;2;REZAGO;1;13223.14;0;13223.14;KG;0.0
611;A;1;REZAGO;1;13223.14;0;13223.14;KG;0.0
612;A;1;75;1;101198.34;20;80958.67;C/U;20239.67
613;A;1;RESKG;8642;676.0;0;5841992.0;KG;0.0
613;A;2;RESKG;5086;830.0;0;4221380.0;KG;0.0
614;A;1;REZAGO;2;20661.15;0;41322.3;KG;0.0
614;A;2;REZAGO;1;13223.14;0;13223.14;KG;0.0
615;A;1;REZAGO;4;20661.15;0;82644.6;KG;0.0
616;A;1;RESKG;1482;520.66;0;771618.12;KG;0.0
617;A;1;REZAGO;5;20661.15;0;103305.75;KG;0.0
618;A;1;REZAGO;12;20661.15;0;247933.8;KG;0.0
619;A;1;REZAGO;4;20661.15;0;82644.6;KG;0.0
620;A;1;RESKG;5;18181.81;0;90909.05;KG;0.0
620;A;2;RESKG;13;13223.14;0;171900.82;KG;0.0
621;A;1;REZAGO;9;20661.15;0;185950.35;KG;0.0
622;A;1;DIFP;1;238181.81;0;238181.81;C/U;0.0
623;A;2;DIFP;1;194628.09;0;194628.09;C/U;0.0
624;A;1;100SP;1;170123.96;20;136099.17;C/U;34024.79
625;A;1;REZAGO;6;14049.58;0;84297.48;KG;0.0
626;A;1;RESKG;1085;520.66;0;564916.1;KG;0.0
627;A;1;REZAGO;19;20661.15;0;392561.85;KG;0.0
628;A;1;45FKA;2;72363.63;0;144727.26;C/U;0.0
628;A;2;65;2;72363.63;0;144727.26;C/U;0.0
628;A;3;75;2;86611.57;0;173223.14;C/U;0.0
628;A;4;110;1;136099.17;0;136099.17;C/U;0.0
629;A;1;REZAGO;5;7438.01;0;37190.05;KG;0.0
630;A;1;REZAGO;1;14049.58;0;14049.58;KG;0.0
630;A;2;REZAGO;2;22066.11;0;44132.22;KG;0.0
631;A;1;REZAGO;4;20661.15;0;82644.6;KG;0.0
632;A;1;REZAGO;5;20661.15;0;103305.75;KG;0.0
633;A;1;REZAGO;15;20661.15;0;309917.25;KG;0.0
634;A;1;REZAGO;11;20661.15;0;227272.65;KG;0.0
635;A;1;REZAGO;14;20661.15;0;289256.1;KG;0.0
636;A;1;REZAGO;11;20661.15;0;227272.65;KG;0.0
637;A;1;RESKG;7892;690.0;0;5445480.0;KG;0.0
637;A;2;RESKG;18587;862.5;0;16031287.5;KG;0.0
638;A;1;45FKA;2;96785.12;35;125820.66;C/U;67749.58
638;A;2;65;8;96785.12;35;503282.62;C/U;270998.34
638;A;3;75;5;115826.44;35;376435.93;C/U;202696.27
638;A;4;90;2;179173.55;35;232925.62;C/U;125421.49
638;A;5;110;3;182024.79;35;354948.34;C/U;191126.03
638;A;6;100SP;3;182024.79;35;354948.34;C/U;191126.03
638;A;7;180;3;268636.36;35;523840.9;C/U;282068.18
639;A;1;REZAGO;13;20661.15;0;268594.95;KG;0.0
640;A;1;REZAGO;1;20661.15;0;20661.15;KG;0.0
641;A;1;REZAGO;2;14049.58;0;28099.16;KG;0.0
642;A;1;75;1;115826.44;20;92661.15;C/U;23165.29
643;A;1;REZAGO;12;21487.6;0;257851.2;KG;0.0
644;A;1;RESKG;1123;520.66;0;584701.18;KG;0.0
645;A;1;REZAGO;13;20661.15;0;268594.95;KG;0.0
646;A;1;REZAGO;10;21487.6;0;214876.0;KG;0.0
647;A;1;REZAGO;8;20661.15;0;165289.2;KG;0.0
648;A;1;REZAGO;15;21487.6;0;322314.0;KG;0.0
649;A;1;REZAGO;1;226983.81;0;226983.81;KG;0.0
650;A;1;REZAGO;5;20661.15;0;103305.75;KG;0.0
651;A;1;REZAGO;12;23140.49;0;277685.88;KG;0.0
652;A;1;REZAGO;6;23140.49;0;138842.94;KG;0.0
653;A;1;REZAGO;30;21487.6;0;644628.0;KG;0.0
653;A;2;REZAGO;1;7438.01;0;7438.01;KG;0.0
654;A;1;180;10;211487.64;0;2114876.4;C/U;0.0
655;A;1;REZAGO;10;21487.6;0;214876.0;UN;0.0
656;A;1;REZAGO;15;23140.49;0;347107.35;KG;0.0
657;A;1;110;3;182024.79;20;436859.5;C/U;109214.87
658;A;1;REZAGO;20;23140.49;0;462809.8;KG;0.0
659;A;1;180;10;268636.36;25;2014772.7;C/U;671590.9
660;A;1;REZAGO;10;23140.49;0;231404.9;KG;0.0
661;A;1;RESKG;1329;561.98;0;746871.42;KG;0.0
662;A;1;REZAGO;10;23140.49;0;231404.9;KG;0.0
663;A;1;REZAGO;10;23140.49;0;231404.9;KG;0.0
664;A;1;CAS;2;7438.01;0;14876.02;C/U;0.0
664;A;2;CAS;6;18181.81;0;109090.86;C/U;0.0
664;A;3;CAS;10;13223.14;0;132231.4;C/U;0.0
665;A;1;CAS;1;22066.11;0;22066.11;C/U;0.0
1;B;1;BT 24/200;1;34925.73;0;34925.73;C/U;0.0
2;B;1;BT 24/200;1;42547.53;0;42547.53;C/U;0.0
3;B;1;65;1;1322.99;0;1322.99;C/U;0.0
4;B;1;65;1;1322.99;0;1322.99;C/U;0.0
5;B;1;180;1;4289.99;20;3431.99;C/U;858.0
6;B;1;75;1;1840.0;0;1840.0;C/U;0.0
7;B;1;110C;2;3354.99;20;5367.98;C/U;1342.0
7;B;2;75;1;2130.0;20;1704.0;C/U;426.0
7;B;3;180;1;4960.0;20;3968.0;C/U;992.0
7;B;4;65;1;1779.99;20;1423.99;C/U;356.0
7;B;5;75;1;2130.0;20;1704.0;C/U;426.0
8;B;1;180;1;4364.0;0;4364.0;C/U;0.0
9;B;1;50;1;2155.0;25;1616.25;C/U;538.75
9;B;2;75;3;2580.0;25;5805.0;C/U;1935.0
10;B;1;50;1;2155.0;25;1616.25;C/U;538.75
10;B;2;75;1;2580.0;25;1935.0;C/U;645.0
11;B;1;75;2;1777.5;0;3555.0;C/U;0.0
12;B;1;110C;1;4465.0;25;3348.75;C/U;1116.25
13;B;1;110C;1;5180.0;0;5180.0;C/U;0.0
14;B;1;65;20;2749.99;20;43999.84;C/U;10999.96
14;B;2;75;10;3300.0;20;26400.0;C/U;6600.0
14;B;3;110C;2;5180.0;20;8288.0;C/U;2072.0
15;B;1;65;1;2749.99;20;2199.99;C/U;550.0
16;B;1;75;5;2743.99;0;13719.95;C/U;0.0
16;B;2;65;30;3106.49;0;93194.7;C/U;0.0
17;B;1;180;1;9094.99;0;9094.99;C/U;0.0
18;B;1;75;1;8624.99;20;6899.99;C/U;1725.0
18;B;2;180;1;20010.0;20;16008.0;C/U;4002.0
19;B;1;DIFP;1;798.0;0;798.0;C/U;0.0
20;B;1;65;2;8780.0;0;17560.0;C/U;0.0
20;B;2;75;3;10530.0;0;31590.0;C/U;0.0
20;B;3;90;1;16280.0;0;16280.0;C/U;0.0
21;B;1;75;1;10.0;0;10.0;C/U;0.0
22;B;1;75;1;7.5;0;7.5;C/U;0.0
23;B;1;Q750;1;13704.99;0;13704.99;C/U;0.0
24;B;1;45FKA;1;9660.0;0;9660.0;C/U;0.0
25;B;1;180;2;26000.0;0;52000.0;C/U;0.0
26;B;1;110;2;192399.99;20;307839.98;C/U;76960.0
